1,aras mhuire nursing unit,6821470,,amnh@eircom.net,,7 dublin road,pallative care 12b,,tuam,galway,ireland,,,01/01/2000,trade
2,adult centre,,,,,72 ballymena road,bt40 2sg,,larne,antrim,ireland,,residential home,01/01/2000,trade
3,advance maintenance ltd,,,,,mirabell,dunkathel,glanmire,cork,,ireland,,,01/01/2000,trade
4,aiglish national school,,,,,,,,nenagh,tipperary,ireland,,education,01/01/2000,trade
5,ailbhe national school,,,reception@scoilailbhe.ie,,,,,thurles,tipperary,ireland,,,19/01/2016,trade
6,an sli,,,,,bellewsbridge road,toberona,,dundalk,louth,ireland,,,01/01/2000,trade
7,angle day care center,0749532658,0879263327,,,gweedore rd,,,dungloe,donegal,ireland,,,01/01/2000,trade
8,aquired brain injury ireland,,,dtobin@abiireland.ie,,teach failte,mount bonus,,tullamore,offaly,ireland,,,01/01/2000,trade
9,aras an phobail,0872059539,,mairead@twrc.ie,,croilar an mistealach,boherbee,,tralee,kerry,ireland,,school,02/02/2016,trade
10,aras chuchulain,0749157393,,mairead@twrc.ie,,resource centre,,,manorcunningham,donegal,ireland,,residential home,01/01/2000,trade
11,aras ghaoth dobhair nursing home,0749560624,0876365473,efriel@arasgaothdohair.ie,749560931,meenanillar,,,derrybeg,donegal,ireland,,nursing home,01/01/2000,trade
12,aras mhuire nursing unit,,,amnh@eircom.net,,7 dublin road,pallative care 12a,,tuam,galway,ireland,,,01/01/2000,trade
13,ardfert national school,0667134289,0861607421,ardfertns.ias@eircom.net,,,,,ardfert,kerry,ireland,,,01/01/2000,trade
14,athboy community school,0469487894,,aleavy@athboycs.ie,,,,,athboy,meath,ireland,,,01/01/2000,trade
15,athlone primary care centre,0906424840,,annenaughton@hse.ie,,,,,athlone,westmeath,ireland,,,01/01/2000,trade
16,aura leitrim leisure,0719671771,,jscott@auragroup.ie,,attfinlay,,,carrick-on-shannon,leitrim,ireland,,,01/01/2000,trade
17,ballinasloe community nursing unit,,0863816700,bernie.austin@hse.ie,,assisted bathroom ground floor,,,ballinasloe,galway,ireland,,,01/01/2000,trade
18,ballinsloe community nursing unit,,0863816700,bernie.austin@hse.ie,,room no. 23 ground floor,,,ballinasloe,galway,ireland,,,01/01/2000,trade
19,balltinglass district hospital,0596481255,,carol.gannon@hse.ie,,room 157,,,baltinglass,wicklow,ireland,,,01/01/2000,trade
20,ballycar national school,,,,,newmarket on fergus,,,ballycar,clare,ireland,,education,01/01/2000,trade
21,ballyfermot primary health centre,,,,,cherry orchard,,,ballyfermot,dublin,ireland,,,01/01/2000,trade
22,baltinglass district hospital,0596481255,0872040499,carol.gannon@hse.ie,,baltinglass,room 96,,baltinglass,wicklow,ireland,,hospital,01/01/2000,trade
23,baltydaniel n.s. mallow,,0872310075,,,,,,newtwopothouse,cork,ireland,,,01/01/2000,trade
24,baltydaniel national school,,,,,newtwopothouse,,,mallow,cork,ireland,,,01/01/2000,trade
25,bantry general hospital,,,,,,,,bantry,cork,ireland,,,01/01/2000,trade
26,beara comm. school,,,beara2@eircom.net,,,,,castletownbere,cork,ireland,,education,01/01/2000,trade
27,beaumont residential care ltd.,0214292195,,,,woodvale rd,ballintemple,,cork,cork,ireland,,residential home,01/01/2000,trade
28,bedroom,0879907126,,,,7 cois carraig,,,clarina,limerick,ireland,,private house,29/06/2016,private
29,beech haven residential,0539235298,,,,black stopps,,,enniscorthy,wexford,ireland,,,01/01/2000,trade
30,belvilla community unit,,,,,room 15,129 south circular road,,south circular road,dublin,ireland,,,01/01/2000,trade
31,bishop o'brien national school,,,,,bartelmy,,,fermoy,cork,ireland,,,01/01/2000,trade
32,bonseoviors convent,,,,,st. anne's,carriglea,,dungarvan,waterford,ireland,,,01/01/2000,trade
33,borrisokane community college,,,,,,,,borrisokane,tipperary,ireland,,,01/01/2000,trade
34,bray town council,,,braymd@wicklowcoco.ie,,st. rita's,upper dargle road,apt 1 green park rd,bray,wicklow,ireland,,,01/01/2000,trade
35,bray urban district council,,,braymd@wicklowcoco.ie,,37 hazelwood,fassnore rd,,bray,wicklow,ireland,,,01/01/2000,trade
36,breffni care center,0499525520,,ann.gaffeny@hse.ie,499525546,community service,room 18,,ballyconnell,cavan,ireland,,care center,01/01/2000,trade
37,brookhaven nursing home,0568830777,0872584952,,,dounoughmore,,,ballyragget,kilkenny,ireland,,residential home,01/01/2000,trade
41,bun scoil na toirbirte,,,bunscoilnatoirbhirte@gmail.com,,,,,mitchelstown,cork,ireland,,,01/01/2000,trade
42,camphill,0567725114,,brahim.camphill@camphill.ie,,coolagh,ard lui house,,callan,kilkenny,ireland,,care centre,01/01/2000,trade
44,carlow co co,,,,,shrougan no. 31,,,tullow,carlow,ireland,,,01/01/2000,trade
45,carlow county council,0599136251,,sgallagher@carlowcoco.ie,,for: 1 pairc gleann na bearu,bagenalstown,,,carlow,ireland,,private house,01/01/2000,private
46,carrick-on-shannon community school,0719620880,,,719621703,,,,carrick-on-shannon,leitrim,ireland,,school,01/01/2000,trade
47,carrignabhfear national school,0214884509,0876176680,,,carrignabhfear,,,mallow,cork,ireland,,school,01/01/2000,trade
48,castlepollard community school,0449661163,,,,,,,castlepollard,westmeath,ireland,,education,01/01/2000,trade
49,castletownbere community hospital,,,,,,,,castletownbere,cork,ireland,,,01/01/2000,trade
50,cbc secondary school,,,principal@cbsthurles.ie,,o donovan rossa street,,,thurles,tipperary,ireland,,,01/01/2000,trade
51,ceathru caol national school,0749150169,,,,,,(close to lifford),kerrykeel,donegal,ireland,,education,01/01/2000,trade
52,chapel road hostel,0749521777,,,,chapel road,,,dungloe,donegal,ireland,,,01/01/2000,trade
53,charter medical group,,0872773097,ksanderson@chartermedical.ie,,the forge,smithfield market,smithfield,dublin 7,dublin,ireland,,care centre,01/01/2000,trade
54,cheeverstown house ltd,,,,14905753,templeogue,,,dublin 6w,dublin,ireland,,,01/01/2000,trade
55,cherry orchard hospital,,,liz.carey@hse.ie,,ballyfermot,,,dublin 10,,ireland,,,01/01/2000,trade
56,cheshire homes,0214822192,,,,lota,,,cork,cork,ireland,,residential home,01/01/2000,trade
57,child & family centre,,,,,,ardnagennha,,bantry,cork,ireland,,co - action,01/01/2000,trade
58,cillaoibhinn group home,,,,,killynard,,,donegal town,donegal,ireland,,residential home,01/01/2000,trade
59,clare county council,0656846206,,bboyce@clarecoco.ie,,30 westbourne court,watery road (john mcguire),,ennis,clare,ireland,,,01/01/2000,trade
60,cloghroe national school,0214385547,,oifig@cloghroens.ie,,bathroom,,,cloghroe,cork,ireland,,riding school,01/01/2000,trade
61,clonbrusk resource center,,,,,coosan road,,,athlone,westmeath,ireland,,,01/01/2000,trade
62,clonmoney national school,,,,,,,,newmarket on fergus,clare,ireland,,education,01/01/2000,trade
63,clonskeagh c.n.u,,,,,room 012,"block a, ground floor",,clonskeagh,dublin,ireland,,,01/01/2000,trade
64,cnu ballincollig,0214620600,,managerballincollig@mowlamhealthcare.com,,top floor,,,ballincollig,cork,ireland,,,01/01/2000,trade
65,cnu farranlea,,,,,,,,farranlea,cork,ireland,,,01/01/2000,trade
66,co-action,,,ceo@co-action.ie,,bathroom,,,bantry,cork,ireland,,,01/01/2000,trade
67,colaiste na coiribe,,,sinead.seoighe@gretb.ie,,tuam road,,,galway,galway,ireland,,,01/01/2000,trade
68,colaiste na trocaire,,,mercycc@eircom.net,,mercy community college,,,rathkeale,limerick,ireland,,school,01/01/2000,trade
69,colaiste pobail bheanntrai,,,admin@colaistepobailbheanntrai.com,,seskin,,,bantry,cork,ireland,,,01/01/2000,trade
70,college gardens (kashma),0567763211,0866016365,codriscoll@soskilkenny.ie,567764000,ingrid brennan,college gardens,callan road,kilkenny,kilkenny,ireland,,,29/07/2015,trade
71,college of commerce,0214255500,0868613806,,214314681,morrisons island,,,cork,cork,ireland,,school,01/01/2000,trade
72,coloiste na toirbhirte bandon,,,,,,,,bandon,cork,ireland,,education,01/01/2000,trade
73,community hospital of the assumption,,,,,,,,thurles,tipperary,ireland,,hospital,01/01/2000,trade
74,community services store,0749521044,,sue.islam@hse.ie,,hse west - unit 3,lisnennan,,letterkenny,donegal,ireland,,,01/01/2000,trade
75,convent primary school,0719667171,,,,,,,boyle,roscommon,ireland,,,01/01/2000,trade
76,cope foundation,0214891472,0862592101,byrnem@cope-foundation.ie,,scartagh,,,clonakilty,cork,ireland,,health sector,01/01/2000,trade
77,cope foundation - duplicate,0214891472,0862592101,byrnem@cope-foundation.ie,,scartagh,,,clonakilty,cork,ireland,,health sector,01/01/2000,trade
78,cork college of commerce,,,,,morrisons island,south terrace,,cork,cork,ireland,,,01/01/2000,trade
79,crana college,0749361113,,,,crana road,,,buncrana,donegal,ireland,,education,01/01/2000,trade
80,crc waterford,,,lhartrey@crc.ie,,waterford regional hospital,waterford community services,cork road,waterford,waterford,ireland,,care centre,01/01/2000,trade
81,crescent comprehensive college,,,cresentfinance@gmail.com,,dooradoyle,,,limerick,,ireland,,,01/01/2000,trade
82,crowhill,,0861572013,,,ballinoosky,,,newmarket on fergus,clare,ireland,,,01/01/2000,trade
83,cuanannie day services,0749125624,,georgina.mccudden@hse.ie,,,ballyraine industrial estate,,letterkenny,donegal,ireland,,hospital,01/01/2000,trade
84,cuh cork - ward 5b,0214922000,,mourice.oriordan@hse.ie,,5th floor,wilton,,cork,cork,ireland,,,24/11/2015,trade
85,cuil aodha national,,,cuilaodhans@eircom.net,,cuil aodha,macroom,,macroom,cork,ireland,,,01/01/2000,trade
86,dalkey community unit,,,siobhan.turner@hse.ie,,kilbegnet close,,,dalkey,dublin,ireland,,care centre,01/01/2000,trade
87,daughters of charity,0615014431,,oonagh.magner@lim-docservice.ie,,the rivers,sejare house,,annacotty,limerick,ireland,,residential home,01/01/2000,trade
88,daughter's of charity,,,,,st. vincent's -,navan road,caoimhir-marie murphy,dublin 7,,ireland,,,01/01/2000,trade
89,daughters of charity clonsilla,0529233419,,tom.sullivan@hse.ie,,st josephs,clonsilla,,dublin,,ireland,,,01/01/2000,trade
90,daughters of charity-st vincent's,,,,,grainne o'connor c/o caoimhin,navan road,,dublin 22,dublin,ireland,,,01/01/2000,trade
91,dawn house,0539233419,,,,sjog,,,enniscorthy,wexford,ireland,,residential home,13/01/2017,trade
92,dawn house,0529233419,,tom.sullivan@hse.ie,,sjog,,,wexford,wexford,ireland,,care centre,01/01/2000,trade
93,day resource unit,,0872223330,,,bree,,,castleblaney,monaghan,ireland,,,01/01/2000,trade
94,dean maxwell community nursing unit,,,liam.carson@hse.ie,,the valley,,,roscrea,tipperary,ireland,,hospital,01/01/2000,trade
95,dean maxwell house,,,liam.carson@hse.ie,,,,,roscrea,tipperary,ireland,,residential home,01/01/2000,trade
96,deidre courtney,0667134289,,,,,,,ardfert,kerry,ireland,,private house,19/08/2016,private
97,denray construction ltd,,,,,5 beauliew view,,,drogheda,louth,ireland,,,01/01/2000,trade
98,department of agriculture,,,,,,kildare street,,dublin 2,,ireland,,,01/01/2000,trade
99,derg center,,,mmoloney@mwhb.ie,6741357,gortlandroe,,,nenagh,tipperary,ireland,,health sector,01/01/2000,trade
100,derrane resource centre,0906625852,,mbourkersg@eircom.net,,,derrane resource centre,,derrane,roscommon,ireland,,residential home,01/01/2000,trade
101,derrybeg national school,0906625852,,mbourkersg@eircom.net,,,,,derrybeg,donegal,ireland,,,01/01/2000,trade
102,dingle community nursing unit,0669151455,,deirdre.kuaid@hse.ie,,,,,dingle,kerry,ireland,,,01/01/2000,trade
103,disability services,,0872486745,eimear.goulding@hse.ie,,south west wing,st josephs hospital,limerick,limerick,limerick,ireland,,private house,01/01/2000,trade
104,disablity service,0469073285,,,,commons road,,,navan,meath,ireland,,health sector,01/01/2000,trade
105,do not use - duplicate,,,,,oakvale,bungalow b room 6,,youghal,cork,ireland,,,07/08/2015,trade
106,do not use- duplicate,,,,,oakvale e,,,youghal,cork,ireland,,care centre,01/01/2000,trade
107,doc st vincents centre,,,purchasing.stvin@docservice.ie,,navan road,(for anna gill - caoimhin),,dublin,dublin,ireland,,nursing home,26/11/2016,trade
108,drakelands nursing home,,,,,,,,kilkenny,kilkenny,ireland,,,01/01/2000,trade
109,dromclough n.s.,,,Dromc@eircom.net,,listowel,,,listowel,kerry,ireland,,,01/01/2000,trade
110,drumfries national school,0749363396,,drumfriesschool.ias@eircom.net,,,,,drumfries,donegal,ireland,,school,01/01/2000,trade
111,dubhras national school,0916386454,,,,cinn mhara,,,galway,galway,ireland,,school,01/01/2000,trade
112,dungloe district hospital,0749521160,0749521044,,,gweedore road,,,dungloe,donegal,ireland,,hospital,01/01/2000,trade
113,dungloe national school,0749521316,,,,dungloe,,,,donegal,ireland,,,01/01/2000,trade
114,dunmanway swimming pool,0238845349,,jenniferdeasy@corkcoco.ie,,bantry road,,,dunmanway,cork,ireland,,,01/01/2000,trade
115,enable ireland,0656943047,,akildea@enableireland.ie,,clonroad business park,clon road,,ennis,clare,ireland,,health sector,01/01/2000,trade
116,enable ireland - child center,,,,,oakview village,,,tralee,kerry,ireland,,,01/01/2000,trade
117,enable ireland galway,,,asmart@enableIreland.ie,,seamus quirke rd,,,newcastle,galway,ireland,,,01/01/2000,trade
118,enable supplies,,0876143399,marc.egan@enablesupplies.com,,7 kilnagleary business park,,,carrigaline,cork,ireland,,,01/01/2000,trade
119,enable supplies ltd,,0873288743,marc.egan@enablesupplies.ie,,,,,,,ireland,,,01/01/2000,trade
120,enniscorthy community workshop,0539233039,,info@cwe.ie,,bellefield,,,enniscorthy,wexford,ireland,,,15/07/2015,trade
121,falcarragh day hospital,0749135104,0749135133,geraldine.mclean@hse.ie,,,,,falcarragh,donegal,ireland,,hospital,01/01/2000,trade
122,falcarragh nursing home,0749135104,,,,,,,falcarragh,donegal,ireland,,hse,01/01/2000,trade
123,ferbane national school,,,,,,,,ferbane,offaly,ireland,,,01/01/2000,trade
124,fermoy leisure centre,,,fermoyleisurecentre@eircom.net,,,,,fermoy,cork,ireland,,,01/01/2000,trade
125,festina lente enterprises ltd.,,0863549755,jillcarey@festinalente.ie,12720708,old conaught avenue,,,bray,wicklow,ireland,,riding school,01/01/2000,trade
126,firmount national school,0217337344,,,,,,,donoughmore,cork,ireland,,education,01/01/2000,trade
127,forest lodge respite childrens home,,,yvoone.mckibbin@belfasttrust.hscni.net,,"stockmans lane, musgrave park hospital",bt9 7jb,,belfast,antrim,ireland,,hospital,01/01/2000,trade
128,gael scoil,,,,,thomas david,summerhill,,mallow,cork,ireland,,education,01/01/2000,trade
129,gaelscoil mhic amhlaigh,,,scoilma.ias@eircom.net,,an coim in mor,bothar na gcepach,,cnoc na cathrach,galway,ireland,,,01/01/2000,trade
130,gallen community school,0906454548,,ufinnegan@gallencs.com,,,,,ferbane,offaly,ireland,,,01/01/2000,trade
131,galway p.c.c.c. stores,,0867924282,,,briarhill business park,,,ballybrit,galway,ireland,,,01/01/2000,trade
132,garda retirement home,,,,,476 howth road,raheny,,raheny,dublin,ireland,,,01/01/2000,trade
133,garryhankard house,0868324700,,,,,,,upton,cork,ireland,,,01/01/2000,private
134,gorey educate together ns,0539489662,,info@goreyeducatetogether.ie,,kilnahue lane,carnew road,,gorey,wexford,ireland,,school,01/01/2000,trade
135,granstown priory scheme,,,,,grantstown,,,wellington bridge,wexford,ireland,,,01/01/2000,trade
136,grantstown day care centre,,,,,,,,wexford,,ireland,,,01/01/2000,trade
137,grove court,,,marian.glynn@hse.ie,,grove road,,,blanchardstown,dublin 17,ireland,,care centre,01/01/2000,trade
138,grove house,0214927942,,,,st. mary's orthopaedic hospital,,,gurranabraher,cork,ireland,,,01/01/2000,trade
139,h.s.e. north east area,0494361800,,,,local health office,,,lisdarn,cavan,ireland,,,01/01/2000,trade
140,hacketstown national school,,,,,,,,hacketstown,carlow,ireland,,,01/01/2000,trade
141,hazel hall nursing home,,,pauline.travers@hse.ie,,prosperous,co kildare,,cork,cork,ireland,,,01/01/2000,trade
142,headway,0214871303,,ocallaghanp@headway.ie,,unit 3b,link road business park,,,cork,ireland,,,01/01/2000,trade
143,healthy living centre,,,,,hospital grounds,,,new ross,wexford,ireland,,,01/01/2000,trade
144,highfield hospital,,,eustace@highfieldhaelthcare.ie,,4 bedwards,swords rd,,"whitehall, d10",dublin,ireland,,,01/01/2000,trade
145,holy angels day care centre,0599143911,,sharon@theholyangels.org,,strawhall industrial est,,,carlow,carlow,ireland,,residential home,01/01/2000,trade
146,holy family school,0495552257,,holyfamilysch.ias.@eircom.net,495556150,old bridge road,,,cootehill,cavan,ireland,,education,01/01/2000,trade
147,hse,,,,,rathcoole,,,fethard,tipperary,ireland,,,01/01/2000,trade
148,hse - n.w.a.,,,,,,,,falcarragh,donegal,ireland,,,01/01/2000,trade
149,hse department,,,,,ot dept,naas vista house,ballymore rd,naas,kildare,ireland,,,01/01/2000,trade
150,hse letterkenny,0749123501,,anne.drake@hse.ie,,,,,letterkenny,donegal,ireland,,,01/01/2000,trade
151,hse ofalia house,0469731285,,ofaliahouse@hse.ie,,st mary's road,,,edenderry,offaly,ireland,,,01/01/2000,trade
152,hse stores letterkenny,0749123501,,anne.drake@hse.ie,,lisnennan,,,letterkenny,donegal,ireland,,,01/01/2000,trade
153,i.w.a - south tipperary,,0872050869,donald.campbell@iwa.ie,,"(ref johns court, the steeples)",brodeen,cashel rd,tipperary town,tipperary,ireland,,private house,10/08/2016,trade
154,i.w.a.,0876949083,,,667117657,,ballygoluge rd.,,listowel,kerry,ireland,,residential home,01/01/2000,trade
155,imnda,,,thutchin@imnda.ie,,turvey cottages,coleraine house,coleraine street,dublin 7,dublin,ireland,,,01/01/2000,trade
156,inchicore community nursing unit,,,,,therapy room - ground floor,,,inchicore,dublin,ireland,,hospital,01/01/2000,trade
157,iniscealtra national school,,,,,,,,mountshannon,clare,ireland,,education,01/01/2000,trade
158,irish wheelchair assoc,,,,,30 westbourne,watery road,,ennis,clare,ireland,,,01/01/2000,trade
159,irish wheelchair association,,,,18531256,black heath drive,clontarf,,dublin 3,dublin,ireland,,,01/01/2000,trade
160,irish wheelchair association/lucan,,,,,,londonbridge road,irishtown,dublin 4,dublin,ireland,,independent living,01/01/2000,trade
161,jd contracting,,0868142211,,,7 melrose gardens,,,clondalkin,dublin,ireland,,contractor,01/01/2000,trade
162,journey man centre,,,heatherlynchjournyman@gmail.com,,ballynagarra,,,carrick on suir,tipperary,ireland,,health sector,01/01/2000,trade
163,kanturk community hospital,,0872066643,margaretb.fitzgerald@hse.ie,2951292,,,,kanturk,cork,ireland,,,01/01/2000,trade
164,kenmare community unit,0646641088,,margaret.osullivan7@hse.ie,,room 18 downstairs,,,kenmare,kerry,ireland,,,01/01/2000,trade
165,"kerry co co , listowel",,,,,11 stokers place,jb keane road,,listowel,kerry,ireland,,,01/01/2000,trade
166,kilbeheny national school,,0862122236,kilbehennyns@hotmail.com,,,,,mitchelstown,cork,ireland,,education,01/01/2000,trade
167,kildysart national school,0656832477,0879305804,kildysartns.ias@eircom.net,,,,,kildysart,clare,ireland,,school,01/01/2000,trade
168,kilfinnane national school,,,,,,,,kilfinnane,limerick,ireland,,education,01/01/2000,trade
169,kilkenny community services,0567725812,0863334326,,,westcourt,,,callan,kilkenny,ireland,,end customer,01/01/2000,private
170,killahan national school,0667135644,,doyg@eircom.net,,abbeydorney,,,tralee,kerry,ireland,,,01/01/2000,trade
171,killarney community college,0646632164,,kccccom@iol.ie,646632178,new road,,,killarney,kerry,ireland,,,01/01/2000,trade
172,killarney nursing home,,,kccccom@iol.ie,,,,,killarney,kerry,ireland,,,01/01/2000,trade
173,killcreene regional orthopaedic hospital,0567785005,,barry.mccauley@hse.ie,,children's disability unit,,,kilkenny,kilkenny,ireland,,,01/01/2000,trade
174,kinsale community hospital,0214772202,,nualaoreily@hse.ie,,,,,kinsale,cork,ireland,,hospital,01/01/2000,trade
175,knockanure national school,,,,,moyvane,,,listowel,kerry,ireland,,,01/01/2000,trade
176,kolbe special school,,,,,portlaoise,,,portlaoise,laois,ireland,,,01/01/2000,trade
177,laragh national school,0238843313,,laraghns.ias@eircom.net,,,,,bandon,cork,ireland,,,01/01/2000,trade
178,laurel lodge,,,,,templemichael glebe,,,longford,longford,ireland,,,01/01/2000,trade
179,letterkenny institute of technology,0749186112,,ann.brennan@lyit.ie,,port road,,,letterkenny,donegal,ireland,,,01/01/2000,trade
180,letterkenny leisure centre,,,,,,sallaghagrane,,letterkenny,donegal,ireland,,leisure,01/01/2000,trade
181,limerick regional hospital,,,bernard.ryan@hse.ie,,dooradoyle,,,navan,co meath,ireland,,hospital,01/01/2000,trade
182,linda mccarthy,,0861613140,lindamccarthy@live.ie,,derrygrath,,,clonmel,tipperary,ireland,,private house,20/10/2016,private
183,lisdarn cnu (cavan gen hosp),0494362333,0866006238,,,lisdarn unit for the elderly,,,cavan,cavan,ireland,,residential home,07/09/2016,trade
184,lisdarn residential unit,0494362333,0866006238,bernadettek.mcmallet@hse.ie,,cavan hospital,,,cavan,cavan,ireland,,residential home,01/01/2000,trade
185,little angels school,0749122456,0868375812,,,knocknamona,,,letterkenny,donegal,ireland,,education,01/01/2000,trade
186,long lane letterkenny,,,,,ballytrim house,,,raphoe,donegal,ireland,,,01/01/2000,trade
187,longford swimming pool,,,,,,,,longford,longford,ireland,,,01/01/2000,trade
188,loretto secondary school,0567765132,,principal@lorrettokk.ie,,granges road,,,kilkenny,kilkenny,ireland,,education,01/01/2000,trade
189,loughrea community nursing unit,,,bernie.austin@hse.ie,,"crannogs,room7",,,loughrea,galway,ireland,,hospital,01/01/2000,trade
190,loughrea court house,,,weasternro@corksourts.ie,,,,,loughrea,galway,ireland,,,01/01/2000,trade
191,lyreacrompane ns,,,,,,,,listowel,kerry,ireland,,education,01/01/2000,trade
192,macroom community hospital,,,Bernie.Buckley@hse.ie,,,,,macroom,cork,ireland,,community hospital,01/01/2000,trade
193,magh ene college,,,,,,,,bundoran,donegal,ireland,,,01/01/2000,trade
194,masonic hall,,,,,castle street,,,dalkey,dublin,ireland,,,01/01/2000,trade
195,maynooth community care centre,,,nuala.nolan@hse.ie,16106360,fitzgerald ward room 33,,,maynooth,kildare,ireland,,,01/01/2000,trade
196,meadow high school,,,,,royal lane,hillingdon,,london,middlesex,ireland,,,01/01/2000,trade
197,meath county council,0469097269,,ttraynor@meathcoco.ie,,(for ryan and justin mongan),43 ashbrook,,navan,meath,ireland,,private house,18/11/2016,trade
198,meath hospital,,,pamala.emnis@hse.ie,,o.t. room,heytesbury street,dublin 8,dublin,,ireland,,,01/01/2000,trade
199,mercy hospital,0214271971,,thamilton@muh.ie,,childrens ward,4th floor,,cork,cork,ireland,,,27/07/2015,trade
200,merlin park hospital,,0876159891,alan.corcoran@hse.ie,,unit 10a seating clinic,,,galway,galway,ireland,,hospital,01/01/2000,trade
201,mid western regional hosptial,,,bernard.ryan@hse.ie,,assisted bathroom,room 52,,limerick,,ireland,,,01/01/2000,trade
202,middleton community hospital,0214635300,,katherine.duran@hse.ie,,,,,middleton,cork,ireland,,end customer,01/01/2000,trade
203,midleton community hospital,0214635300,,katherine.duran@hse.ie,,st. rita's room,st. catherine's ward,,middleton,cork,ireland,,end customer,01/01/2000,trade
204,midway services,,,yburd@midwayservices.ie,469282014,clima hall,oldcastle road,,kells,meath,ireland,,health sector,01/01/2000,trade
205,milford care centre,,,,,plassey park road,,,castletroy,limerick,ireland,,residential home,01/01/2000,trade
206,millbrook day centre,0539233419,,,,enniscorthy (skills room),,,enniscorthy,wexford,ireland,,,01/01/2000,trade
207,millhouse care centre,,0872609289,info@millhousecarecentre.com,,newtown,cummons,,newross,wexford,ireland,,residential home,01/01/2000,trade
208,millstreet community school,,,,2970179,,,,millstreet,cork,ireland,,,01/01/2000,trade
209,milltown national school,0499522802,,,,,,,belturbet,cavan,ireland,,school,01/01/2000,trade
210,monastery cbs primary school,,,moncbstipperary@eircom.net,,st patricks avenue,,,tipperary town,tipperary,ireland,,school,01/01/2000,trade
211,moorehaven centre,,,,6233566,o'brien street,,,tipperary,tipperary,ireland,,,01/01/2000,trade
212,mortuarty - connolly hospital,,,dermot.duke@hse.ie,,blanchardstown,,,dublin 15,dublin,ireland,,,01/01/2000,trade
213,mount alvernia hospital,,,garrett.hayes@hse.ie,,,,,mallow,cork,ireland,,,01/01/2000,trade
214,muckross park college,,,,,donnybrock,,,dublin,dublin,ireland,,end customer,01/01/2000,trade
215,musgrave park hospital,,,,4890902222,regional aquired brain injury unit,bt9 7jb,,belfast,antrim,ireland,,hospital,01/01/2000,trade
216,nano nagle school,,,,,,,,listowel,kerry,ireland,,school,01/01/2000,trade
217,national aquatic centre,,0860429881,,,snugborough road,blanchardstown,,dublin 15,dublin,ireland,,,01/01/2000,trade
218,national learning network,,,clonmel@ntdi.ie,5281521,roseville,western rd,,clonmel,tipperary,ireland,,health sector,01/01/2000,trade
219,national rehab hospital,,0862611592,jasonfarrell@nrh.ie,,st. gabriels ward,rochestown avenue,,dun laoghaire,dublin,ireland,,hospital,01/01/2000,trade
220,navan community hospital,0469078500,,,,beaufort house,144,,navan,meath,ireland,,,10/07/2015,trade
221,navan road primary care centre,,,micheal.madden@hse.ie,,school for the deaf campus,,,dublin 7,dublin,ireland,,care centre,01/01/2000,trade
222,nenagh general hospital,,,mmoloney@mwhb.ie,,,,,nenagh,tipperary,ireland,,hospital,01/01/2000,trade
223,new haughton hospital,,,beryl.mckee@hse.ie,,day care centre,,,new ross,wexford,ireland,,hospital,01/01/2000,trade
224,new haughton hospital01/12/2014,,,beryl.mckee@hse.ie,,ground floor,dunbrody ward,,new ross,wexford,ireland,,hospital,01/01/2000,trade
225,new haughton hospital-duplicate,,,beryl.mckee@hse.ie,,ward 5,,,new ross,wexford,ireland,,hospital,01/01/2000,trade
226,newbridge respite centre,,0872790430,,,356 strand house road,,,newbridge,kildare,ireland,,residential home,01/01/2000,trade
227,newgrove housing association,,,ABIGalway@rehabcare.ie,,rehab care,24 heather grove,,ballybane,galway,ireland,,residential home,01/01/2000,trade
228,newpark school,,,info@newparkschool.ie,12881250,newtownpark ave,blackrock,,dublin,dublin,ireland,,school,01/01/2000,trade
229,newpark school sports centre,,,info@newparkschool.ie,,newtown park ave,,,blackrock,dublin,ireland,,,01/01/2000,trade
230,newport daycare centre,,0863569340,newportdcc@outlook.ie,,church rd,,,newport,tipperary,ireland,,residential home,01/01/2000,trade
231,newtownmountkennedy primary school,,,,,newtownmountkennedy,juniorschool - room 3,,,wicklow,ireland,,,01/01/2000,trade
232,no longer in use,,0872525592,,,40 glenlawn drive,cabinteely,,dublin 18,dublin,ireland,,end customer,01/01/2000,private
233,ns cnoc na manach,0214887272,0877786620,minanebridgens.ias@eircom.net,,,,,minane bridge,cork,ireland,,education,01/01/2000,trade
234,oaklee house,,,,4890331167,springfield ave,house 7,,belfast,antrim,ireland,,residential home,01/01/2000,trade
235,oaklodge nursing home,0214646080,0872366498,ossice@oaklodgenursinghome.ie,,churchtown south,,,cloyne,cork,ireland,,residential home,01/01/2000,trade
236,o'connell primary school,,,,,north richmond street,,dublin,north circular rd,dublin,ireland,,,01/01/2000,trade
237,o'connor bros funeral home,,,,,north gate bridge,,,shanakiel,cork,ireland,,,01/01/2000,trade
238,ofalia house,0469731285,,,,room 12,,,edenderry,offaly,ireland,,community hospital,18/12/2016,trade
239,offally co.co.,,,,,tinnymuck,,,moate,westmeath,ireland,,,01/01/2000,trade
240,orange blossom cottage,,,christina.drainey@foldgroup.co.uk,2838399813,knockeadan,gildford park,,portadown,armagh,ireland,,residential home,01/01/2000,trade
241,our lady's girl's national school,,,,,,,,rathdrum,wicklow,ireland,,,01/01/2000,trade
242,our lady's hospital,,,,,,,,cashel,tipperary,ireland,,,01/01/2000,trade
243,our lady's hospital for sick children,,,,4558873,,,,crumlin,dublin,ireland,,hospital,01/01/2000,trade
244,parents & friends stranorlar,0749131038,,marie.aiken@hse.ie,,house 3 ard greine,mullindrait,,stranorlar,donegal,ireland,,residential home,01/01/2000,trade
245,patricia brett,,,,,1 whitewood,,,kilkenny,kilkenny,ireland,,private house,11/02/2016,trade
246,peamount hosp newcastle,,,,,,,,newcastle,dublin,ireland,,hospital,01/01/2000,trade
247,physical & sensory disability services,,,,,bayview respite house,,,tullyhan,leitrim,ireland,,respite home,01/01/2000,trade
248,pier mont house hostel,0879521388,,yvoone.huston@hse.ie,,teach piemount,church road,sitting room,dungloe,donegal,ireland,,residential home,01/01/2000,trade
249,pier mont house hostel.,0779521388,,yvoone.huston@hse.ie,,teach piemount,church road,bathroom,dungloe,donegal,ireland,,blank,01/01/2000,trade
250,piermount house,,,yvoone.huston@hse.ie,,pool road,meenmore,,dungloe,donegal,ireland,,,01/01/2000,trade
251,pobal scoil inbhear sceine,,0879272293,,,,,,kenmare,kerry,ireland,,,01/01/2000,trade
252,pontville school,,,,,black moss lane,ormskirk,,,lancashire,ireland,,,01/01/2000,trade
253,portmagee national school,0669477211,0872239933,portmageens@gmail.com,,,,,portmagee,kerry,ireland,,education,01/01/2000,trade
254,portmarnoch community school,,,office@portcs.iol.ie,,,,,dublin,dublin,ireland,,,01/01/2000,trade
255,pre-school ballaghderg,0749121596,,katherinemary.kelly@hse.ie,749103340,day care centre,"ballaghderg, mountain top",,letterkenny,donegal,ireland,,education,01/01/2000,trade
256,presentation secondary school,,,info@presgalway.ie,,,,,listowel,kerry,ireland,,,01/01/2000,trade
257,rainbow view,0719167321,,,,,cloonmahon,,collooney,sligo,ireland,,residential home,01/01/2000,trade
258,raphoe central national school,0749145361,,,,lisnoble,manse,,raphoe,donegal,ireland,,education,01/01/2000,trade
259,rathakevin nursing home,,,,,barna,cahir road,,clonmel,tipperary,ireland,,residential home,01/01/2000,trade
260,rathdrum boys national school,,,bnsrathdrum@gmail.com,,rathdrum,,,rathdrum,wicklow,ireland,,school,11/01/2017,trade
261,ratoath independent living,,,,,,tankerstown,,rathooth,meath,ireland,,blank,01/01/2000,trade
262,redwood care facility,,,,,,,,stamullen,meath,ireland,,,01/01/2000,trade
263,rehab care,,,jonna.goranson@rehabcare.ie,,1 connels road,,,nenagh,tipperary,ireland,,health sector,01/01/2000,trade
264,rehabcare,,,,,the meadows,athlumney,,navan,meath,ireland,,,01/01/2000,trade
265,"residential unit,",0719841952,,,,main st,inbhear na mara,,bundoran,donegal,ireland,,residential home,01/01/2000,trade
266,riada house,0579359985,,audreykwright@hse.ie,,community nursing unit,day care centre,room 24 shower room,tullamore,offaly,ireland,,,01/01/2000,trade
267,ringaskiddy national school,0214378238,,ringaskiddyns@eircom.net,,,,,ringaskiddy,cork,ireland,,,01/01/2000,trade
268,rip,0567727764,0876233296,,,wooden grange,,,bennitsbridge,kilkenny,ireland,,,01/01/2000,private
269,rivendell house,0539120083,,,,karen o leary/teresa duffy,,kitestown,crossabeg,wexford,ireland,,,13/01/2017,
270,rockwell college,,,,,,,,cashel,tipperary,ireland,,education,01/01/2000,trade
271,roscare social housing,0949620524,0906628502,toconnor@roscommon.brothersofcharity.ie,,srah,ballinlough,,castlerea,roscommon,ireland,,residential home,01/01/2000,trade
272,rose construction,0214502586,,,,maglin road,,,ballincollig,cork,ireland,,,01/01/2000,trade
273,rowanberry day centre,0578662160,0866012188,,,block road,,,portlaoise,laois,ireland,,other,01/01/2000,trade
274,royal prior school,0749145389,,,,,,,raphoe,donegal,ireland,,education,01/01/2000,trade
275,royal secondary school,0749145389,,,,raphoe,,,lifford,donegal,ireland,,education,01/01/2000,trade
276,s.e.h.b. o.t. dept.,,0876296462,,,kickhamarch,davis road,,clonmel,tipperary,ireland,,hospital,01/01/2000,trade
277,sacred heart convent,,,financebreda@gmail.com,,new site,bessboro,,blackrock,cork,ireland,,,01/01/2000,trade
278,sacred heart nursing home,,,,,roslea road,,,clones,monaghan,ireland,,nursing home,01/01/2000,trade
279,sacred heart school,,,,,sacred heart centre,,,ladies lane,waterford,ireland,,education,01/01/2000,trade
280,san joseph,,0879368088,,,ballysimon road,,,limerick city,limerick,ireland,,health sector,01/01/2000,trade
281,sandymount school,,,,,sandymount avenue,,,dublin,dublin,ireland,,,01/01/2000,trade
282,schull community college,,,office@schullcommunitycollege.com,,colla road,,,schull,cork,ireland,,,01/01/2000,trade
283,scoil aonghusa,,,collette@scoilaonghusa.ie,,cahir road,,,cashel,tipperary,ireland,,,01/01/2000,trade
284,scoil chormaic,,,scoilcormac@eircom.net,,therapy room,golden rd,,cashel,tipperary,ireland,,,01/01/2000,trade
285,scoil chriost ri,,,,,,,,portlaoise,laois,ireland,,,01/01/2000,trade
286,scoil chronain naofa,,,,,dromakernan,,,roscrea,tipperary,ireland,,,01/01/2000,trade
287,scoil cormac,,,scoilcormac@eircom.net,6261338,golden rd,,,cashel,tipperary,ireland,,school,01/01/2000,trade
288,scoil eoin baiste,0749155132,,,,,,,carrigart,donegal,ireland,,education,01/01/2000,trade
289,scoil mhuire,0719633223,,,,convent of mercy,,,strokestown,roscommon,ireland,,school,01/01/2000,trade
290,sean chara nursing home,,,,,st canice road,,,glasnevin,dublin,ireland,,,01/01/2000,trade
291,sean hanafin 2,0669151444,,,,beenbawn,,,dingle,kerry,ireland,,,01/01/2000,trade
292,sean tracey memorial swimming pool,,,,,,,,tipperary,tipperary,ireland,,swimming pool,01/01/2000,trade
293,sean tracey memorial swimmingpool,,,,,,,,tipperary,tipperary,ireland,,,09/07/2015,trade
294,seancara nursing home,,,,18373770,"st. canice road, off ballygall road east",glasnevin,,dublin 11,dublin,ireland,,residential home,01/01/2000,trade
295,sea-view house,0749735925,,,,,,,mountcharles,donegal,ireland,,residential home,01/01/2000,trade
296,sister of mercy,,,,,st. leo's convent,,,carlow,carlow,ireland,,residential home,01/01/2000,trade
297,sisters of african mission convent,0214291851,,,,ardfoyle,,,ballintemple,cork,ireland,,,01/01/2000,trade
298,sisters of mercy,0238833391,,,,aras muire,mccurtin hill,scartagh,clonakilty,cork,ireland,,,01/01/2000,trade
299,sisters of the african mission convent,,,,,ardfoyle,ballintemple,,cork,,ireland,,,01/01/2000,trade
300,sjog,,,,,paddock lane,old long hill,,enniskerry,wicklow,ireland,,,01/01/2000,trade
301,sligo courthouse,,,,,,,,sligo,sligo,ireland,,,01/01/2000,trade
302,sodexo - nagle rice complex,,0878667877,,,borris road,,,portlaoise,laois,ireland,,school,01/01/2000,trade
303,sophia housing,,,,,house 3,,,tubbercurry,sligo,ireland,,,01/01/2000,trade
304,southwestmeath hospice,,,,,athlone hospital,,,athlone,westmeath,ireland,,,01/01/2000,trade
305,special care unit,0469074808,,,,,,,navan,meath,ireland,,hospital,01/01/2000,trade
306,st mary's phoenix park,,,,16250452,st mary's,phoenix park,,phoenix park,dublin,ireland,,hospital,01/01/2000,trade
307,st brogan's college,,,,,bandon,,,bandon,cork,ireland,,end customer,29/09/2015,trade
308,st catherines special school,0879098808,,,,killmullen lane,newcastle,,newcastle,wicklow,ireland,,education,01/01/2000,trade
309,st colmcille's boys national school,,,colmcilles@gmail.com,,chapel lane,,,swords,dublin,ireland,,school,26/11/2016,
310,st columba's girls nat school,,,,,,,,douglas,cork,ireland,,,01/01/2000,trade
311,st conleth's national school,0469553940,,principal@stconlethsns.ie,,,,,derrinturn,kildare,ireland,,school,01/01/2000,trade
312,st cronan's boys n.s.,,,,,vevay crescent,vevay road,,bray,wicklow,ireland,,,01/01/2000,trade
313,st fanahans college,,,,,mitchelstown,,,mitchelstown,cork,ireland,,school,01/01/2000,trade
314,st fergals senior school,,,,,,,,bray,wicklow,ireland,,,01/01/2000,trade
315,st francis hospice,,0860403617,wmaguire@sfh.ie,,blanchardstown,,,dublin 15,dublin,ireland,,,01/01/2000,trade
316,st joseph's community hospital,,,,,,,,millstreet,cork,ireland,,community hospital,01/01/2000,trade
317,st joseph's hospital,,,,,,,,raheny,dublin,ireland,,,01/01/2000,trade
318,st joseph's national school,,,,,,,,longford,,ireland,,,01/01/2000,trade
319,st joseph's primary school,,0879752437,principal@stjosephsprimaryvi.ie,,grace park,,,drumcondra,dublin,ireland,,school,01/01/2000,trade
320,st mary's boys national school,,,,,grotto avenye,,,booterstown,dublin,ireland,,school,01/01/2000,trade
321,st mary's hospital,,,,,room 19,connell ward,,dublin,dublin,ireland,,,01/01/2000,trade
322,st mary's phoenix park,,,micheal.madden@hse.ie,16250452,physio room,phoenix park,,phoenix park,dublin,ireland,,hospital,01/01/2000,trade
323,st marys secondary school,,,,,thomas davis street,,,mallow,cork,ireland,,school,01/01/2000,trade
324,st mary's secondary school,,,,,thomas david,,,birr,offaly,ireland,,,30/07/2015,trade
325,st mc cartans n.s.,0719841711,,,,,,,bundorn,donegal,ireland,,education,01/01/2000,trade
326,st oliver plunkett national school,,,,,,,,navan,meath,ireland,,,01/01/2000,trade
327,st oliver's school,,,,,,,,ballyvolane,cork,ireland,,,01/01/2000,trade
328,st patrick national school,0909627109,0852447660,,,st patrick national school,killtormer,,ballinasloe,galway,ireland,,education,01/01/2000,trade
329,st patrick's community hospital,,,,,,,,fermoy,cork,ireland,,,01/01/2000,trade
330,st patrick's community hospital fermoy,,,,,,,,fermoy,cork,ireland,,hospital,01/01/2000,trade
331,st philomena's national school,,0868032525,,,,ravenswell,,bray,wicklow,ireland,,education,01/01/2000,trade
332,st raphael's,,,,,(oakvale),,,youghal,cork,ireland,,residential home,01/01/2000,trade
333,st raphael's hospital,,,,,oakvale,bungalow a room 5,,youghal,cork,ireland,,care centre,01/01/2000,trade
334,st senna national school,0876147377,,,,,,,kilrush,clare,ireland,,education,01/01/2000,trade
335,st vincents hospital,,,,,st theresa's,,,mountmellick,laois,ireland,,district hospital,01/01/2000,trade
336,st. agnes centre,0749721769,,,,,,,donegal town,donegal,ireland,,residential home,24/07/2015,trade
337,st. angela's national school,0949022902,,,,castlebar,,,castlebar,mayo,ireland,,,01/01/2000,trade
338,st. brendan's community school,,,,,,,,birr,offaly,ireland,,,30/07/2015,trade
339,st. brid's national school,,,,,,,,castlebar,mayo,ireland,,education,01/01/2000,trade
340,st. brigid's hospital,0609648446,0909644112,,,horgans house,walnut grove,,ballinasloe,galway,ireland,,hospital,01/01/2000,trade
341,st. brigid's national school,,,,,annacurragh,,,annacurragh,wicklow,ireland,,,01/01/2000,trade
342,st. catherines school,,0879047188,,,junior room,kilmullen lane,,newcastle,wicklow,ireland,,education,01/01/2000,trade
343,st. columba's hospital,,,,,thomastown,,,,kilkenny,ireland,,,01/01/2000,trade
344,st. conals hospital,0749188829,0749188832,,,mortuary,,,letterkenny,donegal,ireland,,hospital,01/01/2000,trade
345,st. crona's national school,0749521316,,,,classroom 14,chapel road,,dungloe,donegal,ireland,,,01/01/2000,trade
346,st. davnets hospital,,0872434517,mariemcq@eircom.net,4781527,swimming pool,rooskey,,monaghan,monaghan,ireland,,hospital,01/01/2000,trade
347,st. declan's community college,,,,,,,,kilmacthomas,waterford,ireland,,,01/01/2000,trade
348,st. fergals junior national school,,,,,,,,bray,wicklow,ireland,,,01/01/2000,trade
349,st. finbarrs hospital,,,,,room 104,st josephs unit,old maternity hospital,douglas,cork,ireland,,,01/01/2000,trade
350,st. gabriels special school,0214544068,,,,curraheen road,,bishopstown,cork,cork,ireland,,,01/01/2000,trade
351,st. helens senior national school,,,,,limetree avenue,,,portmarnock,dublin,ireland,,school,01/01/2000,trade
352,st. hilda's center,,,,,bedroom 2,hillquarter,coosan,athlone,westmeath,ireland,,,01/01/2000,trade
353,st. john the baptist national school,,,,,old road,,,cashel,tipperary,ireland,,education,01/01/2000,trade
354,st. joseph's centre for the visually impaired,,,,18368403,grace park road,,dublin 9,drumcondra,dublin,ireland,,care centre,01/01/2000,trade
355,st. josephs centre for visually impaired,,,,,c/o irish guide dogs training centre,model farm road,,bishopstown,cork,ireland,,,01/01/2000,trade
356,st. joseph's community hospital,,,,,room 2,,,trim,meath,ireland,,,29/05/2014,trade
357,st. joseph's daughters of charity,,,,,sonas 4,heather,,clonsilla,dublin 15,ireland,,,01/01/2000,trade
358,st. josephs hospital,,,,4347927,padre pia ward,,,longford,longford,ireland,,hospital,01/01/2000,trade
359,st. joseph's national school,,,,,mardyke,,,cork,,ireland,,,01/01/2000,trade
360,st. josephs primary school,,,,,dublin rd,,,longford,longford,ireland,,,01/01/2000,trade
361,st. leo's convent,,0862593067,,,st. leo's convent,dublin road,,carlow,carlow,ireland,,,01/01/2000,trade
362,st. luke's home,,,,,mahon,,,cork,cork,ireland,,,01/01/2000,trade
363,st. martins house,0749521388,,,749521101,sitting room,,,falcarragh,donegal,ireland,,residential home,01/01/2000,trade
364,st. mary's hospital,,,,,phoenix park,cun aoibheann unit,,phoenix park,dublin,ireland,,,01/01/2000,trade
365,st. mary's hospital#,0429795081,,,,,,,castleblaney,monaghan,ireland,,hospital,01/01/2000,trade
366,st. mary's national school,,,,,enniskeane,,,,cork,ireland,,,01/01/2000,trade
367,st. mary's orthopaedic hospital,,,,,,,,gurranabraher,cork,ireland,,,01/01/2000,trade
368,st. mary's secondary school,,,,,,,,mallow,cork,ireland,,,01/01/2000,trade
369,st. mary's special school,0469023745,,,,johnstown,,,navan,meath,ireland,,school,01/01/2000,trade
370,st. michaels house,,,,,the beeches,donoughmede,,dublin 13,dublin,ireland,,,01/01/2000,trade
371,st. michael's house,,,,,portrane road,,,donabate,dublin,ireland,,,01/01/2000,trade
372,st. michaels school,,,,,,,,tipperary,tipperary,ireland,,,01/01/2000,trade
373,st. olaf's national school,,0876799857,,,balally drive,dundrum,,dublin 14,dublin,ireland,,education,01/01/2000,trade
374,st. oliver plunkett hospital,0429334488,,,,service for the older people,dublin road,,dundalk,louth,ireland,,health sector,01/01/2000,trade
375,st. olivers national school,,0877559237,,,ballycasheen,,,killarney,kerry,ireland,,education,01/01/2000,trade
376,st. patricks girls n.s.,,,,,hollypark,foxrock avenue,foxrock,dublin 18,dublin,ireland,,school,01/01/2000,trade
377,st. patricks hospital,,,,,,,,fermoy,cork,ireland,,,01/01/2000,trade
378,st. patrick's hospital,,,,,st. claires ward,,,cashel,tipperary,ireland,,,01/01/2000,trade
379,st. patricks junior school,,,,,pierce road,,,enniscorthy,wexford,ireland,,,01/01/2000,trade
380,st. patricks lurgybrack national school,0749125455,0861605847,lurgybrack@eircom.net,,,,,letterkenny,donegal,ireland,,education,01/01/2000,trade
381,st. patricks n.s.,,,,,churtlestown,,,enniskerry,wicklow,ireland,,,01/01/2000,trade
382,st. patricks special school,0439233657,,,,bohrean hill,,,enniscorthy,wexford,ireland,,education,01/01/2000,trade
383,st. pauls school,,,,,sp3,bonnington,,montenotte,cork,ireland,,education,01/01/2000,trade
384,st. peter's infant school,,,,,castlepark,,,arklow,wicklow,ireland,,,01/01/2000,trade
385,st. raphael's hospital,,0872837487,,,oakvale,bungalow e,,youghal,cork,ireland,,,23/07/2015,trade
386,st. rita's respite,,,,,thomas street,,,clonmel,tipperary,ireland,,health sector,01/01/2000,trade
387,st. vincents' daughters of charity,,,,,the orchard - room 22,navan road,,dublin 22,dublin,ireland,,,01/01/2000,trade
388,st. vincent's boy's school,,,,,north william street,,,dublin 1,,ireland,,,01/01/2000,trade
389,st. vincents center,0214391333,,,,st mary's rd,,,cork city,cork,ireland,,residential home,01/01/2000,trade
390,st.bridgid's ns,,,,,duagh,,,listowl,kerry,ireland,,education,01/01/2000,trade
391,stewarts home care,,,,,28 kilcronan crescent,,,clondalkin,dublin,ireland,,,01/01/2000,trade
392,stewarts hospital,,,,,woodlands 28,palmerstown,,dublin,dublin,ireland,,hospital,01/01/2000,trade
393,"stewarts training and resouce center, balgaddy",,,,,balgaddy,,,lucan,dublin,ireland,,community hospital,01/01/2000,trade
394,straffan national school,,,,,,,,straffan,kildare,ireland,,education,01/01/2000,trade
395,summerhill house,,,,,,,,enniscorthy,wexford,ireland,,,01/01/2000,trade
396,suzanne's house,,0872684095,,14525504,6 main road,tallaght,d24,tallaght,dublin,ireland,,care centre,29/07/2015,trade
397,teach alter nursing home,,,,,room 6,,,newmarket,cork,ireland,,nursing home,11/08/2015,trade
398,the derg centre day care,,,,6746758,gortlandroe,,,nenagh,tipperary,ireland,,,01/01/2000,trade
399,the martin trust,,,,,48 ballyclare road,,,newtownabbey,antrim,ireland,,,01/01/2000,trade
400,thurles institute of technology,,,,,,,,thurles,tipperary,ireland,,,01/01/2000,trade
401,thurles leisure centre,,,,,,,,thurles,tipperary,ireland,,,01/01/2000,trade
402,togher boys school,,,,,togher,,,cork,cork,ireland,,,01/01/2000,trade
403,university of limerick,,0876993376,,,,,,limerick city,limerick,ireland,,education,01/01/2000,trade
404,ursline secondary school,,0861730726,,,,,,blackrock,cork,ireland,,education,01/01/2000,trade
405,ursuline national school,,,,,,,,waterford,waterford,ireland,,,01/01/2000,trade
406,val nolan,,0862538341,,,monashennach,ardagh,,limerick,limerick,ireland,,,19/06/2015,trade
407,vec school,,,,,"high rd,",ballyraine national school,,letterkenny,donegal,ireland,,education,01/01/2000,trade
408,vicarstown national school,0217332179,,vicarstownns@eircom.net,,vicarstown,,,blarney,cork,ireland,,school,01/01/2000,trade
409,virginia care center,0498546212,,,,dublin road,6bed ward,,virginia,cavan,ireland,,residential home,01/01/2000,trade
410,waterford insitute for technology,,,,,nurse education building,cork road,,waterford,waterford,ireland,,education,29/07/2015,trade
411,westmeath county council,,,,,halting site beside st. mary's hospital,,,mullingar,westmeath,ireland,,,01/01/2000,trade
412,wexford county council,0539375602,0860786914,,,3 the willows,hospital hill,,bunclody,wexford,ireland,,,01/01/2000,trade
413,wexford general hospital,,,,,creditors dept (millbrook house),,,enniscorthy,wexford,ireland,,,01/01/2000,trade
414,whitfield clinic,,,,,butlerstown north,cork road,,waterford,waterford,ireland,,,01/01/2000,trade
415,woodlands national school,0749124498,,,749124219,,,,letterkenny,donegal,ireland,,education,01/01/2000,trade
416,youghal community hospital,2492106,,,,st angela's room,,,youghal,cork,ireland,,,01/01/2000,trade
417,brothers of charity - acquired brain injury service - galway,,,,,24 heather grove,acquired brain injury service,,ballybane,galway,ireland,,,01/01/2000,trade
418,brothers of charity - activation unit - tipperary,,,,,activation unit,st. patricks road,,clonmel,tipperary,ireland,,,01/01/2000,trade
419,brothers of charity - ard na seaghsa - roscommon,,,,,"ard na seaghsa, bedroom",abbeytown,,boyle,roscommon,ireland,,,01/01/2000,trade
420,brothers of charity - ashbrook house - galway,,,,,ashbrook house,bolands lane,,gort,galway,ireland,,,01/01/2000,trade
421,brothers of charity - aughmagree house - roscommon,,,,,aughmagree house,,,kilteavan,roscommon,ireland,,,01/01/2000,trade
422,brothers of charity - ballindereen house - galway,,,,,ballindereen house,kilcolgan,,galway,galway,ireland,,,01/01/2000,trade
423,brothers of charity - boc day center - galway,,,,,boc day center,,,gort,galway,ireland,,,01/01/2000,trade
424,brothers of charity - burren view day care centre - galway,,,,,burren view day care,5 fana bui,ballymoneen rd,knocknacarra,galway,ireland,,,01/01/2000,trade
425,brothers of charity - care abbey - tipperary,,,,,care abbey,,,cahir,tipperary,ireland,,,01/01/2000,trade
426,brothers of charity - carraroe - galway,,,,,,,,carraroe,galway,ireland,,,01/01/2000,trade
427,brothers of charity - carrownaherick - galway,,,,,carrownaherick,belclare,,tuam,galway,ireland,,,01/01/2000,trade
428,brothers of charity - countess grove - kerry,,,,,7 countess grove,,,killarney,kerry,ireland,,,01/01/2000,trade
429,brothers of charity - deerpark printing centre - galway,,,,,deerpark center,avalon house,bedroom,ballinasloe,galway,ireland,,,01/01/2000,trade
430,brothers of charity - derrydonnell house - galway,,,,,derrydonnell house,,,athenry,galway,ireland,,,01/01/2000,trade
431,brothers of charity - doy siam house - galway,,,,,doy siam house,drumacoo,,kilcolgan,galway,ireland,,,01/01/2000,trade
432,brothers of charity - drumacoo house - galway,,,,,drumacoo house,kilcolgan,,clarinbridge,galway,ireland,,,01/01/2000,trade
433,brothers of charity - early childhood services - galway,,,,,early childhood services,35 lower newcastle road,,galway,galway,ireland,,,01/01/2000,trade
434,brothers of charity - fia nua - galway,,,,,fia nua,avalon house,,ballinasloe,galway,ireland,,,01/01/2000,trade
435,brothers of charity - finns house - galway,,,,,finns house,derrydonnellmore,,athenry,galway,ireland,,,01/01/2000,trade
436,brothers of charity - grange - tipperary,,,,,grange,,,cahir,tipperary,ireland,,,01/01/2000,trade
437,brothers of charity - hazelwood house - waterford,,,,,hazelwood house,bellmount,ferrybank,waterford,waterford,ireland,,,01/01/2000,trade
438,brothers of charity - hillcrest - roscommon,,,,,hillcrest,knock roe,,castlerea,roscommon,ireland,,,01/01/2000,trade
439,brothers of charity - john paul centre - galway,,,,,st. michael's,john paul centre,ballybane,galway,galway,ireland,,,01/01/2000,trade
440,brothers of charity - john paul services - galway,,,,,john paul services,ballybane,,galway,galway,ireland,,,01/01/2000,trade
441,brothers of charity - kilcoran centre - galway,,,,,bunglow 2,kilcoran,,clarinbridge,galway,ireland,,,01/01/2000,trade
442,brothers of charity - kiltalla house - galway,,,,,kiltalla house,airport road,,carnmore,galway,ireland,,,01/01/2000,trade
443,brothers of charity - kilteavan - roscommon,,,,,,,,kilteavan,roscommon,ireland,,,01/01/2000,trade
444,brothers of charity - lochaun house - galway,,,,,bungalow 13,kilcoran,,clarinbridge,galway,ireland,,,01/01/2000,trade
445,brothers of charity - lota - cork,,,,,"lota,",bungalow 1 bathroom,,glanmire,cork,ireland,,,01/01/2000,trade
446,brothers of charity - lus na greine - tipperary,,,,,lus na greine,fetherd road,,clonmel,tipperary,ireland,,,01/01/2000,trade
447,brothers of charity - moneymore house - galway,,,,,moneymore house,moneymore east,,oranmore,galway,ireland,,,01/01/2000,trade
448,brothers of charity - moyderwell - kerry,,,,,moyderwell,,,tralee,kerry,ireland,,,01/01/2000,trade
449,brothers of charity - nagle centre - tipperary,,,,,nagle centre,,,cashel,tipperary,ireland,,,01/01/2000,trade
450,brothers of charity - renmore - galway,,,,,renmore,,,woodlands,galway,ireland,,,01/01/2000,trade
451,brothers of charity - rose lodge/stone lodge - galway,,,,,rose lodge/stone lodge,,,kilcornan,galway,ireland,,,01/01/2000,trade
452,brothers of charity - siolta nua - tipperary,,,,,siolta nua,carrigeen business park,clogheen road,cahir,tipperary,ireland,,,01/01/2000,trade
453,brothers of charity - skylark centre - galway,,,,,,skylark centre,raheen road,athenry,galway,ireland,,,01/01/2000,trade
454,brothers of charity - stepping stones - galway,,,,,stepping stones,carrann park,,tuam,galway,ireland,,,01/01/2000,trade
455,brothers of charity - tara house - galway,,,,,tara house,weir road,kilcolgan,clarinbridge,galway,ireland,,,01/01/2000,trade
456,brothers of charity - tus maith - tipperary,,,,,tus maith,,,tipperary town,tipperary,ireland,,,01/01/2000,trade
457,brothers of charity - tus nua - waterford,,,,,"tus nua, upper drumdrony",bellefield road,slieverue,waterford,waterford,ireland,,,01/01/2000,trade
458,brothers of charity - weir road - galway,,,,,bunglow 4,weir road,kilcoran,clarinbridge,galway,ireland,,,01/01/2000,trade
459,brothers of charity - woodlands centre - galway,,,,,rosedale school,woodland centre,little oaks room,renmore,galway,ireland,,,01/01/2000,trade
