1,6821470,,amnh@eircom.net,,aras mhuire nursing unit,7 dublin road,pallative care 12b,,tuam,galway,ireland
2,06721271,,,,aiglish national school,,,,nenagh,tipperary,ireland
3,50421448,,reception@scoilailbhe.ie,,ailbhe national school,,,,thurles,tipperary,ireland
4,749532658,879263327,,,angle day care center,gweedore rd,,,dungloe,donegal,ireland
5,749521388,,,,angle day care center,gweedore road,,,dungloe,donegal,ireland
6,749521388,,,,angle day care center,gweedore road,,,dungloe,donegal,ireland
7,749521388,,,,angle day care center,snoozelan room,,,dungloe,donegal,ireland
8,749521388,,,,angle day care center,gweedore road,,,dungloe,donegal,ireland
9,749532658,879263327,,,angle day care center,gweedore rd,,,dungloe,donegal,ireland
10,749560624,,efriel@arasgaothdohair.ie,,aras ghaoth dobhair nursing home,meenanillar,,,derrybeg,donegal,ireland
11,749560624,,efriel@arasgaothdohair.ie,,aras ghaoth dobhair nursing home,meenanillar,,,derrybeg,donegal,ireland
12,749560624,,efriel@arasgaothdohair.ie,,aras ghaoth dobhair nursing home,meenanillar,,,derrybeg,donegal,ireland
13,6821470,,amnh@eircom.net,,aras mhuire nursing unit,7 dublin road,pallative care 12a,,tuam,galway,ireland
14,667134289,861607421,ardfertns.ias@eircom.net,,ardfert national school,,,,ardfert,kerry,ireland
15,719671771,,jscott@auragroup.ie,,aura leitrim leisure,attfinlay,,,carrick-on-shannon,leitrim,ireland
16,91871200,,bernie.austin@hse.ie,,ballinsloe community nursing unit,,,,ballinasloe,galway,ireland
17,91871200,863816700,bernie.austin@hse.ie,,ballinsloe community nursing unit,room no. 1 top floor,,,ballinasloe,galway,ireland
18,91871200,863816700,bernie.austin@hse.ie,,ballinsloe community nursing unit,room no. 4 top floor,,,ballinasloe,galway,ireland
19,91871200,863816700,bernie.austin@hse.ie,,ballinsloe community nursing unit,room no. 5 top floor,,,ballinasloe,galway,ireland
20,91871200,863816700,bernie.austin@hse.ie,,ballinsloe community nursing unit,room no. 3 top floor,,,ballinasloe,galway,ireland
21,596481255,872040499,carol.gannon@hse.ie,,baltinglass district hospital,baltinglass,room 92,,baltinglass,wicklow,ireland
22,596481255,872040499,carol.gannon@hse.ie,,baltinglass district hospital,baltinglass,room 98,,baltinglass,wicklow,ireland
23,596481255,872040499,carol.gannon@hse.ie,,baltinglass district hospital,baltinglass,room 80,,baltinglass,wicklow,ireland
24,596481255,872040499,carol.gannon@hse.ie,,baltinglass district hospital,baltinglass,,,baltinglass,wicklow,ireland
25,596481255,872040499,carol.gannon@hse.ie,,baltinglass district hospital,baltinglass,room 158,,baltinglass,wicklow,ireland
26,596481255,872040499,carol.gannon@hse.ie,,baltinglass district hospital,baltinglass,,,baltinglass,wicklow,ireland
27,596481255,872040499,carol.gannon@hse.ie,,baltinglass district hospital,baltinglass,,,baltinglass,wicklow,ireland
28,596481255,872040499,carol.gannon@hse.ie,,baltinglass district hospital,baltinglass,room 94,,baltinglass,wicklow,ireland
29,606481255,872040499,carol.gannon@hse.ie,,baltinglass district hospital,baltinglass,room 89,,baltinglass,wicklow,ireland
30,596481255,872040499,carol.gannon@hse.ie,,baltinglass district hospital,baltinglass,,,baltinglass,wicklow,ireland
31,596481255,872040499,,,baltinglass district hospital,baltinglass,,,baltinglass,wicklow,ireland
32,596481255,872040499,carol.gannon@hse.ie,,baltinglass district hospital,baltinglass,,,baltinglass,wicklow,ireland
33,596481255,872040499,carol.gannon@hse.ie,,baltinglass district hospital,baltinglass,room 111,,baltinglass,wicklow,ireland
34,2242646,,,,baltydaniel national school,newtwopothouse,,,mallow,cork,ireland
35,2770177,,beara2@eircom.net,,beara comm. school,,,,castletownbere,cork,ireland
36,214292195,,,,beaumont residential care ltd.,woodvale rd,ballintemple,,cork,cork,ireland
37,12868285,,braymd@wicklowcoco.ie,,bray town council,st. rita's,upper dargle road,,bray,wicklow,ireland
38,499525520,,ann.gaffeny@hse.ie,,breffni care center,community service,,,ballyconnell,cavan,ireland
39,499525520,,ann.gaffeny@hse.ie,,breffni care center,community service,,,ballyconnell,cavan,ireland
40,499525520,,ann.gaffeny@hse.ie,,breffni care center,community service,room 18,,ballyconnell,cavan,ireland
41,499525520,,ann.gaffeny@hse.ie,,breffni care center,community service,,,ballyconnell,cavan,ireland
42,6262383,,,,brothers of charity,care abbey,,,cahir,tipperary,ireland
43,91755241,91796106,daveohalloran@galway.brothersofcharity.ie,,brothers of charity,doy siam house,drumacoo,,kilcolgan,galway,ireland
44,91510195,,debbiefahy@galway.brothersofcharity.ie,,brothers of charity,burren view day care centre,5 fana bui,ballymoneen rd,knocknacarra,galway,ireland
45,91755162,,helenlawrence@galway.brothersofcharity.ie,,brothers of charity,shalom,john paul centre,,ballybane,galway,ireland
46,06262383,,,,brothers of charity,nagle centre,,,cashel,tipperary,ireland
47,91755162,,helenlawrence@galway.brothersofcharity.ie,,brothers of charity,st michael's,john paul centre,,ballybane,galway,ireland
48,5270554,2524499,,,brothers of charity,lus na greine,fetherd road,,clonmel,tipperary,ireland
49,91796106,91755241,daveohalloran@galway.brothersofcharity.ie,,brothers of charity,lochaun house,stradbally,,clarinbridge,galway,ireland
50,91510195,,debbiefahy@galway.brothersofcharity.ie,,brothers of charity,burren view day care,5 fana bui,ballymoneen rd,knocknacarra,galway,ireland
51,06262383,4318000,,,brothers of charity,grange,,,cahir,tipperary,ireland
52,909644988,,maryhazlett@galway.brothersofcharity.ie,,brothers of charity,fia nua,avalon house,,ballinasloe,galway,ireland
53,906628500,872636319,,,brothers of charity,aughmagree house,,,kilteavan,roscommon,ireland
54,909644988,,,,brothers of charity,fia nua,multi sensory room,,ballinasloe,galway,ireland
55,091850139,0877988741,noelleburke@galway.brothersofcharity.ie,,brothers of charity,physio room,skylark centre,raheen road,athenry,galway,ireland
56,909644988,0909642142,maryhazlett@galway.brothersofcharity.ie,,brothers of charity,avalon,deerpark centre,,ballinasloe,galway,ireland
57,909644988,,,,brothers of charity,fia nua,living room,,ballinasloe,galway,ireland
58,91755241,91796106,daveohalloran@galway.brothersofcharity.ie,,brothers of charity,doysiam,drumacoo,,kilcolgan,galway,ireland
59,91755241,,daveohalloran@galway.brothersofcharity.ie,,brothers of charity,bunglow 9,kilcoran centre,,clarinbridge,galway,ireland
60,91755241,,daveohalloran@galway.brothersofcharity.ie,,brothers of charity,bathroom,ballindereen lower,kilenmunster lane,kilcolgan,galway,ireland
61,91755241,,daveohalloran@galway.brothersofcharity.ie,,brothers of charity,drumacoo house,kilcolgan,,clarinbridge,galway,ireland
62,91755241,,daveohalloran@galway.brothersofcharity.ie,,brothers of charity,tara house,weir road,kilcolgan,clarinbridge,galway,ireland
63,91755241,,helenlawrence@galway.brothersofcharity.ie,,brothers of charity,eden house,john paul centre,,ballybane,galway,ireland
64,91755241,,helenlawrence@galway.brothersofcharity.ie,,brothers of charity,eden house,john paul centre,,ballybane,galway,ireland
65,91796623,,carmelconnaughton@galway.brothersofcharity.ie,,brothers of charity,ollie's room,ballindereen lower,kilenmunster lane,kilcolgan,galway,ireland
66,091721400,,,,brothers of charity,stepping stones,carrann park,,tuam,galway,ireland
67,91850139,,noelleburke@galway.brothersofcharity.ie,,brothers of charity,derrydonnell house,,,athenry,galway,ireland
68,5229776,,,,brothers of charity,care abbey,,,cahir,tipperary,ireland
69,909644988,,maryhazlett@galway.brothersofcharity.ie,,brothers of charity,fia nua house 2,sittingroom,,ballinasloe,galway,ireland
70,214821012,,,,brothers of charity,"lota,",bungalow 1 bathroom,,glanmire,cork,ireland
71,909644988,,,,brothers of charity,fia nua,bathroom,,ballinasloe,galway,ireland
72,91755162,,helenlawrence@galway.brothersofcharity.ie,,brothers of charity,st stephen's,john paul centre,,ballybane,galway,ireland
73,91755162,,helenlawrence@galway.brothersofcharity.ie,,brothers of charity,st. michaels house,john paul centre,,ballybane,galway,ireland
74,909644988,,,,brothers of charity,fia nua,therapy room,,ballinasloe,galway,ireland
75,07196631654,,,,brothers of charity,"ard na seaghsa, bedroom",abbeytown,,boyle,roscommon,ireland
76,91755161,,helenlawrence@galway.brothersofcharity.ie,,brothers of charity,st. agnes,john paul centre,,ballybane,galway,ireland
77,91755162,,helenlawrence@galway.brothersofcharity.ie,,brothers of charity,st. agnes,john paul centre,aisling henegan's room,ballybane,galway,ireland
78,91755162,,helenlawrence@galway.brothersofcharity.ie,,brothers of charity,,john paul centre,,ballybane,galway,ireland
79,719620880,,,,carrick-on-shannon community school,,,,carrick-on-shannon,leitrim,ireland
80,719620880,,,,carrick-on-shannon community school,,,,carrick-on-shannon,leitrim,ireland
81,749150169,,,,ceathru caol national school,,,(close to lifford),kerrykeel,donegal,ireland
82,16579005,,ksanderson@chartermedical.ie,,charter medical group,the forge,smithfield market,smithfield,dublin 7,dublin,ireland
83,214822192,,,,cheshire homes,st. lawrance,lota,,glanmire,cork,ireland
84,749127678,,,,cheshire homes,room 12,long lane,,letterkenny,donegal,ireland
85,214822192,,katherine.dullaghan@cheshire.ie,,cheshire homes,st. lawrance,lota,,glanmire,cork,ireland
86,5529143,,,,cheshire homes,ardeen cheshire home,,,shillelagh,wicklow,ireland
87,749127678,,,,cheshire homes,room 10,long lane,,letterkenny,donegal,ireland
88,214822192,,,,cheshire homes,st. laurance,lota,,glanmire,cork,ireland
89,214822192,,,,cheshire homes,st. lawrance,lota,,glanmire,cork,ireland
90,214822192,,,,cheshire homes,st. lawrance,lota,,glanmire,cork,ireland
91,214822192,,,,cheshire homes,st. lawrance,lota,,glanmire,cork,ireland
92,749127678,,,,cheshire homes,room 8,long lane,,letterkenny,donegal,ireland
93,214822192,,,,cheshire homes,st. laurance,lota,,glanmire,cork,ireland
94,214822192,,,,cheshire homes,st. lawrance,lota,,glanmire,cork,ireland
95,949384137,,,,cheshire homes,lismirrane,,,swinford,mayo,ireland
96,749127678,,,,cheshire homes,room 1,long lane,,letterkenny,donegal,ireland
97,214822192,,,,cheshire homes,st. lawrance,lota,,glanmire,cork,ireland
98,214822192,,,,cheshire homes,st. lawrance,lota,,glanmire,cork,ireland
99,27500067,,,,child & family centre,,ardnagennha,,bantry,cork,ireland
100,656846206,,bboyce@clarecoco.ie,,clare county council,30 westbourne court,watery road (john mcguire),,ennis,clare,ireland
101,214385547,,oifig@cloghroens.ie,,cloghroe national school,,,,cloghroe,cork,ireland
102,214385547,,oifig@cloghroens.ie,,cloghroe national school,bathroom,,,cloghroe,cork,ireland
103,214620600,,managerballincollig@mowlamhealthcare.com,,cnu ballincollig,block 1 bride,ground floor,,ballingcollig,cork,ireland
104,214620600,,managerballincollig@mowlamhealthcare.com,,cnu ballincollig,top floor,,,ballincollig,cork,ireland
105,214620600,,managerballincollig@mowlamhealthcare.com,,cnu ballincollig,block 2 shournagh,2nd floor,,ballincollig,cork,ireland
106,214620600,,managerballincollig@mowlamhealthcare.com,,cnu ballincollig,,,,ballingcollig,cork,ireland
107,2750114,,ceo@co-action.ie,,co-action,bedroom 1,,,dunmanway,cork,ireland
108,2750114,,ceo@co-action.ie,,co-action,bathroom,,,bantry,cork,ireland
109,2750114,,ceo@co-action.ie,,co-action,,,,bantry,cork,ireland
110,2750114,,ceo@co-action.ie,,co-action,gym,,,dunmanway,cork,ireland
111,2750114,,ceo@co-action.ie,,co-action,changing room,,,bantry,cork,ireland
112,2750114,,ceo@co-action.ie,,co-action,small bathroom near gym,,,dunmanway,cork,ireland
113,2750114,,ceo@co-action.ie,,co-action,23/24 connolly street,,,clonakilty,cork,ireland
114,2750114,,ceo@co-action.ie,,co-action,high dependency room 1,,,bantry,cork,ireland
115,2750114,,ceo@co-action.ie,,co-action,bathroom,,,dunmanway,cork,ireland
116,2750114,,ceo@co-action.ie,,co-action,upper ground floor wc1,boyle street,,clonakilty,cork,ireland
117,2750114,,ceo@co-action.ie,,co-action,,,,dunmanway,cork,ireland
118,2750114,,ceo@co-action.ie,,co-action,upper ground floor wc2,boyle street,,clonakilty,cork,ireland
119,2750114,,ceo@co-action.ie,,co-action,small group room,boyle street,,clonakilty,cork,ireland
120,6964094,,mercycc@eircom.net,,colaiste na trocaire,mercy community college,,,rathkeale,limerick,ireland
121,567763211,866016365,codriscoll@soskilkenny.ie,,college gardens (kashma),ingrid brennan,college gardens,callan road,kilkenny,kilkenny,ireland
122,214255500,868613806,,,college of commerce,morrisons island,,,cork,cork,ireland
123,2341814,,,,coloiste na toirbhirte bandon,,,,bandon,cork,ireland
124,719667171,,,,convent primary school,,,,boyle,roscommon,ireland
125,214501168,,byrnem@cope-foundation.ie,,cope foundation,springfort,bonnington,,montenotte,cork,ireland
126,214891472,862592101,byrnem@cope-foundation.ie,,cope foundation,scartagh,,,clonakilty,cork,ireland
127,214891472,862592101,byrnem@cope-foundation.ie,,cope foundation - duplicate,scartagh,,,clonakilty,cork,ireland
128,749361113,,,,crana college,crana road,,,buncrana,donegal,ireland
129,,861572013,,,crowhill,ballinoosky,,,newmarket on fergus,clare,ireland
130,,861572013,,,crowhill,ballinoosky,,,newmarket on fergus,clare,ireland
131,,861572013,,,crowhill,ballinoosky,,,newmarket on fergus,clare,ireland
132,749125624,,georgina.mccudden@hse.ie,,cuanannie day services,,ballyraine industrial estate,,letterkenny,donegal,ireland
133,749125624,,georgina.mccudden@hse.ie,,cuanannie day services,,ballyraine industrial estate,,letterkenny,donegal,ireland
134,0749125624,,georgina.mccudden@hse.ie,,cuanannie day services,ballyraine industrial estate,,,letterkenny,donegal,ireland
135,0749125624,,georgina.mccudden@hse.ie,,cuanannie day services,ballyraine industrial estate,,,letterkenny,donegal,ireland
136,214922000,,mourice.oriordan@hse.ie,,cuh cork - ward 5b,5th floor,wilton,,cork,cork,ireland
137,2645342,,cuilaodhans@eircom.net,,cuil aodha national,cuil aodha,macroom,,macroom,cork,ireland
138,12353202,,siobhan.turner@hse.ie,,dalkey community unit,kilbegnet close,,,dalkey,dublin,ireland
139,61501443,,oonagh.magner@lim-docservice.ie,,daughters of charity,st. vincents,nagle house,,lisnagry,limerick,ireland
140,61501443,,oonagh.magner@lim-docservice.ie,,daughters of charity,"san joseph respite,",ballysimon road,,lisnagry,limerick,ireland
141,61501443,,oonagh.magner@lim-docservice.ie,,daughters of charity,swimming pool,san joseph ballysimon road,,lisnagry,limerick,ireland
142,18383234,,,,daughter's of charity,st. vincent's,navan road,irini house-madge mccabe,dublin 7,,ireland
143,18383234,,,,daughter's of charity,st. vincent's,navan road,caoimhir-marie murphy,dublin 7,,ireland
144,050521572,,liam.carson@hse.ie,,dean maxwell community nursing unit,the valley,,,roscrea,tipperary,ireland
145,667134289,,,,deidre courtney,,,,ardfert,kerry,ireland
146,6742336,,mmoloney@mwhb.ie,,derg center,gortlandroe,,,nenagh,tipperary,ireland
147,6742336,,mmoloney@mwhb.ie,,derg center,gortlandroe,,,nenagh,tipperary,ireland
148,,872486745,eimear.goulding@hse.ie,,disability services,south west wing,st josephs hospital,limerick,limerick,limerick,ireland
149,18245328,,purchasing.stvin@docservice.ie,,doc st vincents centre,navan road,(for anna gill - caoimhin),,dublin,dublin,ireland
150,6840226,,Dromc@eircom.net,,dromclough n.s.,listowel,,,listowel,kerry,ireland
151,0749521160,0749521044,,,dungloe district hospital,gweedore road,,,dungloe,donegal,ireland
152,0749521160,0749521044,,,dungloe district hospital,gweedore road,,,dungloe,donegal,ireland
153,0749521160,0749521044,,,dungloe district hospital,gweedore road,,,dungloe,donegal,ireland
154,0749521160,0749521044,,,dungloe district hospital,gweedore road,,,dungloe,donegal,ireland
155,0749521160,0749521044,,,dungloe district hospital,gweedore road,,,dungloe,donegal,ireland
156,238845349,,jenniferdeasy@corkcoco.ie,,dunmanway swimming pool,bantry road,,,dunmanway,cork,ireland
157,238845349,,jenniferdeasy@corkcoco.ie,,dunmanway swimming pool,bantry road,,,dunmanway,cork,ireland
158,214294803,,,,enable ireland,lavanagh centre,,,ballintemple,cork,ireland
159,0656943047,,akildea@enableireland.ie,,enable ireland,clonroad business park,clon road,,ennis,clare,ireland
160,12695355,1615900,,,enable ireland,st brendan's,sandymount ave,dublin 4,ballsbridge,dublin,ireland
161,667120767,,,,enable ireland,drumraymond house,mamoir west,,tralee,kerry,ireland
162,667120767,,,,enable ireland,drumraymond house,mamoir west,,tralee,kerry,ireland
163,667181746,,,,enable ireland,adult center,edward street,,tralee,kerry,ireland
164,214294803,,,,enable ireland,lavanagh centre,ballintemple,,cork,cork,ireland
165,,861559431,info@enablesupplies.com,,enable supplies,carrigaline,,,,,ireland
166,,876143399,marc.egan@enablesupplies.com,,enable supplies,7 kilnagleary business park,,,carrigaline,cork,ireland
167,749135104,,,,falcarragh nursing home,,,,falcarragh,donegal,ireland
168,2533272,,fermoyleisurecentre@eircom.net,,fermoy leisure centre,,,,fermoy,cork,ireland
169,12720704,863549755,jillcarey@festinalente.ie,,festina lente enterprises ltd.,old conaught avenue,,,bray,wicklow,ireland
170,2890903355,,yvoone.mckibbin@belfasttrust.hscni.net,,forest lodge respite childrens home,"stockmans lane, musgrave park hospital",bt9 7jb,,belfast,antrim,ireland
171,2242709,,,,gael scoil,thomas david,summerhill,,mallow,cork,ireland
172,,867924282,,,galway p.c.c.c. stores,briarhill business park,,,ballybrit,galway,ireland
173,868324700,,,,garryhankard house,,,,upton,cork,ireland
174,214871303,,ocallaghanp@headway.ie,,headway,unit 3b,link road business park,,,cork,ireland
175,18374444,,eustace@highfieldhaelthcare.ie,,highfield hospital,single room 2nd floor corridor 3,swords rd,,"whitehall, d9",dublin,ireland
176,18374444,,eustace@highfieldhaelthcare.ie,,highfield hospital,4 bed bathroom,swords rd,,"whitehall, d9",dublin,ireland
177,18374444,,eustace@highfieldhaelthcare.ie,,highfield hospital,single room 2nd floor corridor 3,swords rd,,"whitehall, d9",dublin,ireland
178,18374444,,eustace@highfieldhaelthcare.ie,,highfield hospital,single room 2nd floor corridor 3,swords rd,,"whitehall, d9",dublin,ireland
179,18374444,,eustace@highfieldhaelthcare.ie,,highfield hospital,4 bedwards,swords rd,,"whitehall, d10",dublin,ireland
180,18374444,,eustace@highfieldhaelthcare.ie,,highfield hospital,single room 2nd floor corridor 3,swords rd,,"whitehall, d9",dublin,ireland
181,18374444,,eustace@highfieldhaelthcare.ie,,highfield hospital,double room 1st floor,swords rd,,"whitehall, d9",dublin,ireland
182,18374444,,eustace@highfieldhaelthcare.ie,,highfield hospital,4bed 1st floor,swords rd,,"whitehall, d9",dublin,ireland
183,18374444,,eustace@highfieldhaelthcare.ie,,highfield hospital,single room 2nd floor corridor 3,swords rd,,"whitehall, d9",dublin,ireland
184,18374444,,eustace@highfieldhaelthcare.ie,,highfield hospital,single room 2nd floor corridor 3,swords rd,,"whitehall, d9",dublin,ireland
185,18374444,,eustace@highfieldhaelthcare.ie,,highfield hospital,single room 1st floor,swords rd,,"whitehall, d9",dublin,ireland
186,18374444,,eustace@highfieldhaelthcare.ie,,highfield hospital,single room 2nd floor,swords rd,,"whitehall, d9",dublin,ireland
187,18374444,,eustace@highfieldhaelthcare.ie,,highfield hospital,"bathroom corridor 3, 2nd floor",swords rd,,"whitehall, d9",dublin,ireland
188,18374444,,eustace@highfieldhaelthcare.ie,,highfield hospital,single room 2nd floor,swords rd,,"whitehall, d9",dublin,ireland
189,18374444,,eustace@highfieldhaelthcare.ie,,highfield hospital,,swords rd,,"whitehall, d9",dublin,ireland
190,18374444,,eustace@highfieldhaelthcare.ie,,highfield hospital,single room 2nd floor corridor 3,swords rd,,"whitehall, d9",dublin,ireland
191,18374444,,eustace@highfieldhaelthcare.ie,,highfield hospital,single room 2nd floor,swords rd,,"whitehall, d9",dublin,ireland
192,18374444,,eustace@highfieldhaelthcare.ie,,highfield hospital,single room 2nd floor,swords rd,,"whitehall, d9",dublin,ireland
193,18374444,,eustace@highfieldhaelthcare.ie,,highfield hospital,single room 1st floor,swords rd,,"whitehall, d9",dublin,ireland
194,18374444,,eustace@highfieldhaelthcare.ie,,highfield hospital,single room 2nd floor,swords rd,,"whitehall, d9",dublin,ireland
195,18374444,,eustace@highfieldhaelthcare.ie,,highfield hospital,single room 2nd floor,swords rd,,"whitehall, d9",dublin,ireland
196,18374444,,eustace@highfieldhaelthcare.ie,,highfield hospital,single room 2nd floor,swords rd,,"whitehall, d9",dublin,ireland
197,18374444,,eustace@highfieldhaelthcare.ie,,highfield hospital,bg single room corridor 2 floor 2,swords rd,,"whitehall, d9",dublin,ireland
198,18374444,,eustace@highfieldhaelthcare.ie,,highfield hospital,single room 2nd floor corridor 2,swords rd,,"whitehall, d9",dublin,ireland
199,18374444,,eustace@highfieldhaelthcare.ie,,highfield hospital,bg single room corridor 2 floor 2,swords rd,,"whitehall, d9",dublin,ireland
200,18374444,,eustace@highfieldhaelthcare.ie,,highfield hospital,single room 2nd floor corridor 3,swords rd,,"whitehall, d9",dublin,ireland
201,18374444,,eustace@highfieldhaelthcare.ie,,highfield hospital,single room 2nd floor corridor 3,swords rd,,"whitehall, d9",dublin,ireland
202,18374444,,eustace@highfieldhaelthcare.ie,,highfield hospital,bathroom 2nd floor corridor 2,swords rd,,"whitehall, d9",dublin,ireland
203,,18374444,eustace@highfieldhaelthcare.ie,,highfield hospital,,swords rd,,"whitehall, d9",dublin,ireland
204,18374444,,eustace@highfieldhaelthcare.ie,,highfield hospital,single room 2nd floor corridor 2,swords rd,,"whitehall, d9",dublin,ireland
205,18374444,,eustace@highfieldhaelthcare.ie,,highfield hospital,bg single room corridor 2 floor 2,swords rd,,"whitehall, d9",dublin,ireland
206,18374444,,eustace@highfieldhaelthcare.ie,,highfield hospital,single room 2nd floor,swords rd,,"whitehall, d9",dublin,ireland
207,18374444,,eustace@highfieldhaelthcare.ie,,highfield hospital,single room 2nd floor,swords rd,,"whitehall, d9",dublin,ireland
208,599143911,,sharon@theholyangels.org,,holy angels day care centre,strawhall industrial est,,,carlow,carlow,ireland
209,6252744,872050869,Donald Campbell [donald.campbell@iwa.ie],,i.w.a - south tipperary,"(ref johns court, the steeples)",brodeen,cashel rd,tipperary town,tipperary,ireland
210,876949083,,,,i.w.a.,,ballygoluge rd.,,listowel,kerry,ireland
211,,872645078,,,i.w.a.,phoenix lodge,sarsfield rd,,limerick,limerick,ireland
212,61493034,87226461,,,i.w.a.,"block 1, sarsfield park,",,,rosbrien,limerick,ireland
213,61493034,87226461,,,i.w.a.,"block 1, sarsfield park,",,,rosbrien,limerick,ireland
214,18730422,,thutchin@imnda.ie,,imnda,(for sharon friel - turvey cottages),coleraine house,coleraine street,dublin 7,dublin,ireland
215,18186400,,,,irish wheelchair association,black heath drive,clontarf,,dublin 3,dublin,ireland
216,16302414,,,,irish wheelchair association/lucan,,londonbridge road,irishtown,dublin 4,dublin,ireland
217,,868142211,,,jd contracting,7 melrose gardens,,,clondalkin,dublin,ireland
218,51641892,,heatherlynchjournyman@gmail.com,,journey man centre,ballynagarra,,,carrick on suir,tipperary,ireland
219,51641892,,heatherlynchjournyman@gmail.com,,journey man centre,ballynagarra,,,carrick on suir,tipperary,ireland
220,51641892,,heatherlynchjournyman@gmail.com,,journey man centre,ballynagarra,,,carrick on suir,tipperary,ireland
221,51641892,,heatherlynchjournyman@gmail.com,,journey man centre,ballynagarra,well road,,carrick on suir,tipperary,ireland
222,51641892,,heatherlynchjournyman@gmail.com,,journey man centre,ballynagarra,well road,,carrick on suir,tipperary,ireland
223,2950024,872066643,margaretb.fitzgerald@hse.ie,,kanturk community hospital,st. theresa's ward,,,kanturk,cork,ireland
224,2950024,872066643,margaretb.fitzgerald@hse.ie,,kanturk community hospital,room 20 st marys unit,,,kanturk,cork,ireland
225,2950024,872066643,margaretb.fitzgerald@hse.ie,,kanturk community hospital,,,,kanturk,cork,ireland
226,646641088,,margaret.osullivan7@hse.ie,,kenmare community unit,room 4,,,kenmare,kerry,ireland
227,646641088,,margaret.osullivan7@hse.ie,,kenmare community unit,room 13 upstairs,2nd ward,,kenmare,kerry,ireland
228,646641088,,margaret.osullivan7@hse.ie,,kenmare community unit,room r 36,,,kenmare,kerry,ireland
229,646641088,,margaret.osullivan7@hse.ie,,kenmare community unit,room r 55,,,kenmare,kerry,ireland
230,646641088,,margaret.osullivan7@hse.ie,,kenmare community unit,room 12 upstairs,2nd ward,,kenmare,kerry,ireland
231,646641088,,margaret.osullivan7@hse.ie,,kenmare community unit,,,,kenmare,kerry,ireland
232,646641088,,margaret.osullivan7@hse.ie,,kenmare community unit,room 9 upstairs,2nd ward,,kenmare,kerry,ireland
233,646641088,,margaret.osullivan7@hse.ie,,kenmare community unit,room 1 upstairs,,,kenmare,kerry,ireland
234,646641088,,margaret.osullivan7@hse.ie,,kenmare community unit,room r 58,,,kenmare,kerry,ireland
235,646641088,,margaret.osullivan7@hse.ie,,kenmare community unit,room r 124,,,kenmare,kerry,ireland
236,646641088,,margaret.osullivan7@hse.ie,,kenmare community unit,room r 63,,,kenmare,kerry,ireland
237,646641088,,margaret.osullivan7@hse.ie,,kenmare community unit,room 10 upstairs,2nd ward,,kenmare,kerry,ireland
238,646641088,,margaret.osullivan7@hse.ie,,kenmare community unit,room r 50,,,kenmare,kerry,ireland
239,646641088,,margaret.osullivan7@hse.ie,,kenmare community unit,room 3 upstairs,2nd ward,,kenmare,kerry,ireland
240,646641088,,margaret.osullivan7@hse.ie,,kenmare community unit,room 7 upstairs,2nd ward,,kenmare,kerry,ireland
241,646641088,,margaret.osullivan7@hse.ie,,kenmare community unit,room r 106 physiotherapy,,,kenmare,kerry,ireland
242,646641088,,margaret.osullivan7@hse.ie,,kenmare community unit,room r 61,,,kenmare,kerry,ireland
243,646641088,,margaret.osullivan7@hse.ie,,kenmare community unit,room r 51,,,kenmare,kerry,ireland
244,646641088,,margaret.osullivan7@hse.ie,,kenmare community unit,room r 28,,,kenmare,kerry,ireland
245,646641088,,margaret.osullivan7@hse.ie,,kenmare community unit,room r 24,,,kenmare,kerry,ireland
246,646641088,,margaret.osullivan7@hse.ie,,kenmare community unit,room assisted bathroom,downstairs,,kenmare,kerry,ireland
247,646641088,,margaret.osullivan7@hse.ie,,kenmare community unit,room 9 downstairs,,,kenmare,kerry,ireland
248,646641088,,margaret.osullivan7@hse.ie,,kenmare community unit,room 2 upstairs,2nd ward,,kenmare,kerry,ireland
249,646641088,,margaret.osullivan7@hse.ie,,kenmare community unit,"room 5, top floor,",,,kenmare,kerry,ireland
250,646641088,,margaret.osullivan7@hse.ie,,kenmare community unit,room r 142,,,kenmare,kerry,ireland
251,646641088,,margaret.osullivan7@hse.ie,,kenmare community unit,room 16 downstairs,,,kenmare,kerry,ireland
252,646641088,,margaret.osullivan7@hse.ie,,kenmare community unit,room r 31,,,kenmare,kerry,ireland
253,646641088,,margaret.osullivan7@hse.ie,,kenmare community unit,assisted toilet downstairs,,,kenmare,kerry,ireland
254,646641088,,margaret.osullivan7@hse.ie,,kenmare community unit,room r 43,,,kenmare,kerry,ireland
255,646641088,,margaret.osullivan7@hse.ie,,kenmare community unit,room 6 upstairs,2nd ward,,kenmare,kerry,ireland
256,646641088,,margaret.osullivan7@hse.ie,,kenmare community unit,room r 32,,,kenmare,kerry,ireland
257,656832477,879305804,kildysartns.ias@eircom.net,,kildysart national school,,,,kildysart,clare,ireland
258,567725812,0863334326,,,kilkenny community services,westcourt,,,callan,kilkenny,ireland
259,667135644,,doyg@eircom.net,,killahan national school,abbeydorney,,,tralee,kerry,ireland
260,214772202,,nualaoreily@hse.ie,,kinsale community hospital,,,,kinsale,cork,ireland
261,214772202,,nualaoreily@hse.ie,,kinsale community hospital,fallop room,,,kinsale,cork,ireland
262,214772202,,nualaoreily@hse.ie,,kinsale community hospital,"2 bed, male",st. kevin's room,,kinsale,cork,ireland
263,214772202,,nualaoreily@hse.ie,,kinsale community hospital,altrso room,,,kinsale,cork,ireland
264,214772202,,nualaoreily@hse.ie,,kinsale community hospital,female ward,,,kinsale,cork,ireland
265,214772202,,nualaoreily@hse.ie,,kinsale community hospital,"4 bed, male, end room",,,kinsale,cork,ireland
266,214772202,,nualaoreily@hse.ie,,kinsale community hospital,"4 bed, male",,,kinsale,cork,ireland
267,6849130,,,,knockanure national school,moyvane,,,listowel,kerry,ireland
268,6849130,,,,knockanure national school,moyvane,,,listowel,kerry,ireland
269,,861613140,lindamccarthy@live.ie,,linda mccarthy,derrygrath,,,clonmel,tipperary,ireland
270,,861613140,lindamccarthy@live.ie,,linda mccarthy,derrygrath,,,clonmel,tipperary,ireland
271,749150943,868375812,,,little angels school,knocknamona,,,letterkenny,donegal,ireland
272,749122456,868375812,,,little angels school,knocknamona,,,letterkenny,donegal,ireland
273,567765132,,principal@lorrettokk.ie,,loretto secondary school,granges road,,,kilkenny,kilkenny,ireland
274,567765132,,principal@lorrettokk.ie,,loretto secondary school,granges road,,,kilkenny,kilkenny,ireland
275,91871200,,bernie.austin@hse.ie,,loughrea community nursing unit,"crannogs,room7",,,loughrea,galway,ireland
276,91871200,,bernie.austin@hse.ie,,loughrea community nursing unit,1st floor block a,assisted bathroom,,loughrea,galway,ireland
277,91871200,,bernie.austin@hse.ie,,loughrea community nursing unit,cooreen assyst bath room,,,loughrea,galway,ireland
278,91871200,,bernie.austin@hse.ie,,loughrea community nursing unit,"crannogs,room20",,,loughrea,galway,ireland
279,91871200,,bernie.austin@hse.ie,,loughrea community nursing unit,"knock ash,room17",,,loughrea,galway,ireland
280,91871200,,bernie.austin@hse.ie,,loughrea community nursing unit,crannogs assyst bath room,,,loughrea,galway,ireland
281,91871200,,bernie.austin@hse.ie,,loughrea community nursing unit,"sliabh aughty,room20",,,loughrea,galway,ireland
282,91871200,,bernie.austin@hse.ie,,loughrea community nursing unit,"knock ash,room1 (twin)",,,loughrea,galway,ireland
283,91871200,,bernie.austin@hse.ie,,loughrea community nursing unit,"sliabh aughty,room7",,,loughrea,galway,ireland
284,91871200,,bernie.austin@hse.ie,,loughrea community nursing unit,"cooreen,room20",,,loughrea,galway,ireland
285,91871200,,bernie.austin@hse.ie,,loughrea community nursing unit,"cooreen,room6",,,loughrea,galway,ireland
286,91871200,,bernie.austin@hse.ie,,loughrea community nursing unit,"cooreen,room15",,,loughrea,galway,ireland
287,91871200,,bernie.austin@hse.ie,,loughrea community nursing unit,"sliabh aughty,room21",,,loughrea,galway,ireland
288,91871200,,bernie.austin@hse.ie,,loughrea community nursing unit,"knock ash,room5",,,loughrea,galway,ireland
289,91871200,,bernie.austin@hse.ie,,loughrea community nursing unit,"crannogs,room17",,,loughrea,galway,ireland
290,91871200,,bernie.austin@hse.ie,,loughrea community nursing unit,"knock ash,room16",,,loughrea,galway,ireland
291,91871200,,bernie.austin@hse.ie,,loughrea community nursing unit,ground floor block a,assisted bathroom,,loughrea,galway,ireland
292,91871200,,bernie.austin@hse.ie,,loughrea community nursing unit,"cooreen,room11",,,loughrea,galway,ireland
293,91871200,,bernie.austin@hse.ie,,loughrea community nursing unit,"crannogs,room9",,,loughrea,galway,ireland
294,91871200,,bernie.austin@hse.ie,,loughrea community nursing unit,"cooreen,room16",,,loughrea,galway,ireland
295,91871200,,bernie.austin@hse.ie,,loughrea community nursing unit,"sliabh aughty,room8",,,loughrea,galway,ireland
296,91871200,,bernie.austin@hse.ie,,loughrea community nursing unit,"knock ash,room22",,,loughrea,galway,ireland
297,91871200,,bernie.austin@hse.ie,,loughrea community nursing unit,"sliabh aughty,room3",,,loughrea,galway,ireland
298,91871200,,bernie.austin@hse.ie,,loughrea community nursing unit,knock ash assyst bath room,,,loughrea,galway,ireland
299,91871200,,bernie.austin@hse.ie,,loughrea community nursing unit,"sliabh aughty,room11",,,loughrea,galway,ireland
300,91871200,,bernie.austin@hse.ie,,loughrea community nursing unit,"cooreen,room19",,,loughrea,galway,ireland
301,91871200,,bernie.austin@hse.ie,,loughrea community nursing unit,"cooreen,room2 (twin)",,,loughrea,galway,ireland
302,91871200,,bernie.austin@hse.ie,,loughrea community nursing unit,ground floor block b,assisted bathroom,,loughrea,galway,ireland
303,91871200,,bernie.austin@hse.ie,,loughrea community nursing unit,"crannogs,room19",,,loughrea,galway,ireland
304,91871200,,bernie.austin@hse.ie,,loughrea community nursing unit,"knock ash,room3",,,loughrea,galway,ireland
305,91871200,,bernie.austin@hse.ie,,loughrea community nursing unit,"sliabh aughty,room18",,,loughrea,galway,ireland
306,91871200,,bernie.austin@hse.ie,,loughrea community nursing unit,"knock ash,room7",,,loughrea,galway,ireland
307,91871200,,bernie.austin@hse.ie,,loughrea community nursing unit,sliabh aughty assyst bath room,,,loughrea,galway,ireland
308,2641002,,Bernie.Buckley@hse.ie,,macroom community hospital,,,,macroom,cork,ireland
309,2641002,,Bernie.Buckley@hse.ie,,macroom community hospital,end day room,,,macroom,cork,ireland
310,2641002,,Bernie.Buckley@hse.ie,,macroom community hospital,barra 3 bed,,,macroom,cork,ireland
311,16106351,,nuala.nolan@hse.ie,,maynooth community care centre,room 25 - fitzgerald ward,leinster st.,,maynooth,kildare,ireland
312,16106351,,nuala.nolan@hse.ie,,maynooth community care centre,"geraldine ward, daffodil room 8",,,maynooth,kildare,ireland
313,16106351,,nuala.nolan@hse.ie,,maynooth community care centre,primrose room 6,leinster st.,,maynooth,kildare,ireland
314,16106351,,nuala.nolan@hse.ie,,maynooth community care centre,lilly room 3,leinster st.,,maynooth,kildare,ireland
315,16106351,,nuala.nolan@hse.ie,,maynooth community care centre,geraldine ward bathroom 1st floor,leinster st.,,maynooth,kildare,ireland
316,16106351,,nuala.nolan@hse.ie,,maynooth community care centre,lilly room 3,leinster st.,,maynooth,kildare,ireland
317,16106351,,nuala.nolan@hse.ie,,maynooth community care centre,fitzgerald ward bathroom,leinster st.,,maynooth,kildare,ireland
318,16106351,,nuala.nolan@hse.ie,,maynooth community care centre,,leinster st.,,maynooth,kildare,ireland
319,16106351,16106361,nuala.nolan@hse.ie,,maynooth community care centre,fitzgerald ward room 33,,,maynooth,kildare,ireland
320,16106351,,nuala.nolan@hse.ie,,maynooth community care centre,geraldine ward bathroom 1st floor,leinster st.,,maynooth,kildare,ireland
321,17077909,,pamala.emnis@hse.ie,,meath hospital,o.t. room,heytesbury street,dublin 8,dublin,,ireland
322,91775323,876159891,alan.corcoran@hse.ie,,merlin park hospital,unit 10a seating clinic,,,galway,galway,ireland
323,91775323,,alan.corcoran@hse.ie,,merlin park hospital,unit 3 merlin park university hosp,,,galway,galway,ireland
324,214635300,,katherine.duran@hse.ie,,middleton community hospital,,,,middleton,cork,ireland
325,09249257,,yburd@midwayservices.ie,,midway services,clima hall,oldcastle road,,kells,meath,ireland
326,51447200,872609289,info@millhousecarecentre.com,,millhouse care centre,newtown,cummons,,newross,wexford,ireland
327,2970087,,,,millstreet community school,,,,millstreet,cork,ireland
328,2970087,,,,millstreet community school,,,,millstreet,cork,ireland
329,499522802,,,,milltown national school,,,,belturbet,cavan,ireland
330,16465000,,dermot.duke@hse.ie,,mortuarty - connolly hospital,blanchardstown,,,dublin 15,dublin,ireland
331,2258402,,garrett.hayes@hse.ie,,mount alvernia hospital,,,,mallow,cork,ireland
332,4890902000,,,,musgrave park hospital,regional aquired brain injury unit,bt9 7jb,,belfast,antrim,ireland
333,6821942,,,,nano nagle school,,,,listowel,kerry,ireland
334,16464300,860429881,Sarah  Hynes,,national aquatic centre,snugborough road,blanchardstown,,dublin 15,dublin,ireland
335,16464300,,sales@nac.ie,,national aquatic centre,snugborough road,blanchardstown,,dublin 15,dublin,ireland
336,16464300,,Sarah  Hynes,,national aquatic centre,snugborough road,blanchardstown,,dublin 15,dublin,ireland
337,5281555,,clonmel@ntdi.ie,,national learning network,roseville,western rd,,clonmel,tipperary,ireland
338,5281555,,clonmel@ntdi.ie,,national learning network,roseville,western rd,,clonmel,tipperary,ireland
339,51421266,,beryl.mckee@hse.ie,,new haughton hospital,ward 4,,,new ross,wexford,ireland
340,51421266,,beryl.mckee@hse.ie,,new haughton hospital,single bedroom,top floor,,new ross,wexford,ireland
341,51421266,,beryl.mckee@hse.ie,,new haughton hospital,assisted bathroom,top floor,,new ross,wexford,ireland
342,51421266,,beryl.mckee@hse.ie,,new haughton hospital,day care centre,,,new ross,wexford,ireland
343,51421266,,beryl.mckee@hse.ie,,new haughton hospital,day care centre,,,new ross,wexford,ireland
344,51421266,,beryl.mckee@hse.ie,,new haughton hospital,day care centre,ground floor,clonmines ward,new ross,wexford,ireland
345,51421266,,beryl.mckee@hse.ie,,new haughton hospital,ground floor,jerpoint ward,,new ross,wexford,ireland
346,51421266,,beryl.mckee@hse.ie,,new haughton hospital,day care centre,,,new ross,wexford,ireland
347,12974100,872790430,,,newbridge respite centre,,,,newbridge,kildare,ireland
348,12974100,872790430,,,newbridge respite centre,,,,newbridge,kildare,ireland
349,12974100,872790430,,,newbridge respite centre,356 strand house road,,,newbridge,kildare,ireland
350,12974100,872790430,,,newbridge respite centre,,,,newbridge,kildare,ireland
351,91768700,,,,newgrove housing association,rehab care,24 heather grove,,ballybane,galway,ireland
352,91768700,,,,newgrove housing association,rehab care,24 heather grove,,ballybane,galway,ireland
353,61378566,0863569340,newportdcc@outlook.ie,,newport daycare centre,church rd,,,newport,tipperary,ireland
354,61378566,0863569340,newportdcc@outlook.ie,,newport daycare centre,church rd,,,newport,tipperary,ireland
355,61378566,0863569340,newportdcc@outlook.ie,,newport daycare centre,church rd,,,newport,tipperary,ireland
356,61378566,0863569340,newportdcc@outlook.ie,,newport daycare centre,church rd,,,newport,tipperary,ireland
357,214887272,877786620,minanebridgens.ias@eircom.net,,ns cnoc na manach,,,,minane bridge,cork,ireland
358,214887272,877786620,,,ns cnoc na manach,,,,minane bridge,cork,ireland
359,04890329989,447793652937,,,oaklee house,springfield ave,house 7,,belfast,antrim,ireland
360,447793652937,,,,oaklee house,springfield ave,house no. 8,,belfast,antrim,ireland
361,447793652937,,,,oaklee house,springfield ave,house no. 2,,belfast,antrim,ireland
362,447793652937,,,,oaklee house,springfield ave,house 6,,belfast,antrim,ireland
363,214646080,872366498,ossice@oaklodgenursinghome.ie,,oaklodge nursing home,churchtown south,,,cloyne,cork,ireland
364,2838394050,,christina.drainey@foldgroup.co.uk,,orange blossom cottage,knockeden,gilford park,,portadown,armagh,ireland
365,2838394050,,christina.drainey@foldgroup.co.uk,,orange blossom cottage,knockeadan,gildford park,,portadown,armagh,ireland
366,14096556,,,,our lady's hospital for sick children,,,,crumlin,dublin,ireland
367,749131038,,marie.aiken@hse.ie,,parents & friends stranorlar,house 4 ard greine,mullindrait,,stranorlar,donegal,ireland
368,749131038,,marie.aiken@hse.ie,,parents & friends stranorlar,house 3 ard greine,mullindrait,,stranorlar,donegal,ireland
369,749131038,,marie.aiken@hse.ie,,parents & friends stranorlar,house 5 ard greine,mullindrait,,stranorlar,donegal,ireland
370,779521388,,yvoone.huston@hse.ie,,pier mont house hostel.,teach piemount,church road,bathroom,dungloe,donegal,ireland
371,,879272293,,,pobal scoil inbhear sceine,,,,kenmare,kerry,ireland
372,,879272293,,,pobal scoil inbhear sceine,,,,kenmare,kerry,ireland
373,669477211,872239933,portmageens@gmail.com,,portmagee national school,,,,portmagee,kerry,ireland
374,18038056,,office@portcs.iol.ie,,portmarnoch community school,,,,portmarnock,dublin,ireland
375,18038056,,office@portcs.iol.ie,,portmarnoch community school,,,,dublin,dublin,ireland
376,749121596,,katherinemary.kelly@hse.ie,,pre-school ballaghderg,day care centre,"ballaghderg, mountain top",,letterkenny,donegal,ireland
377,,40446585,bnsrathdrum@gmail.com,,rathdrum boys national school,rathdrum,,,rathdrum,wicklow,ireland
378,6743046,,jonna.goranson@rehabcare.ie,,rehab care,1 connels road,,,nenagh,tipperary,ireland
379,214378238,,ringaskiddyns@eircom .net,,ringaskiddy national school,,,,ringaskiddy,cork,ireland
380,214502586,,,,rose construction,maglin road,,,ballincollig,cork,ireland
381,578662160,866012188,,,rowanberry day centre,block road,,,portlaoise,laois,ireland
382,749145389,,,,royal prior school,,,,raphoe,donegal,ireland
383,749145389,,,,royal secondary school,raphoe,,,lifford,donegal,ireland
384,749145389,,,,royal secondary school,raphoe,,,lifford,donegal,ireland
385,5222838,876296462,,,s.e.h.b. o.t. dept.,kickhamarch,davis road,,clonmel,tipperary,ireland
386,2828315,,office@schullcommunitycollege.com,,schull community college,colla road,,,schull,cork,ireland
387,6261338,6261866,scoilcormac@eircom.net,,scoil cormac,golden rd,,,cashel,tipperary,ireland
388,749155132,,,,scoil eoin baiste,,,,carrigart,donegal,ireland
389,719633223,,,,scoil mhuire,convent of mercy,,,strokestown,roscommon,ireland
390,719633223,,,,scoil mhuire,convent of mercy,,,strokestown,roscommon,ireland
391,749735925,,,,sea-view house,,,,mountcharles,donegal,ireland
392,,872183842,"Coomey, Carmel",,sister of mercy,st. mary of the isles,"sharman, crawford street",,cork,cork,ireland
393,214316029,,,,sister of mercy,st. mary of the isle,"sharman, crawford street",,cork,cork,ireland
394,214316029,877718959,,,sister of mercy,st. mary of the isle,"sharman, crawford street",,cork,cork,ireland
395,214291851,,,,sisters of african mission convent,ardfoyle,,,ballintemple,cork,ireland
396,238833391,,,,sisters of mercy,aras muire,mccurtin hill,scartagh,clonakilty,cork,ireland
397,238833391,,,,sisters of mercy,aras muire,mccurtin hill,scartagh,clonakilty,cork,ireland
398,238833391,,,,sisters of mercy,aras muire,mccurtin hill,scartagh,clonakilty,cork,ireland
399,469074808,,,,special care unit,,,,navan,meath,ireland
400,469074808,,,,special care unit,,,,navan,meath,ireland
401,16250300,,,,st  mary's phoenix park,st mary's,phoenix park,,phoenix park,dublin,ireland
402,879098808,12819485,,,st catherines special school,killmullen lane,newcastle,,newcastle,wicklow,ireland
403,879098808,866032852,,,st catherines special school,killmullen lane,newcastle,,newcastle,wicklow,ireland
404,,,,,,,,,,,
405,12860440,,,,st cronan's boys n.s.,vevay crescent,vevay road,,bray,wicklow,ireland
406,2524314,,,,st fanahans college,mitchelstown,,,mitchelstown,cork,ireland
407,2524314,,,,st fanahans college,mitchelstown,,,mitchelstown,cork,ireland
408,18294083,860403617,wmaguire@sfh.ie,,st francis hospice,blanchardstown,,,dublin 15,dublin,ireland
409,18294083,860403617,wmaguire@sfh.ie,,st francis hospice,blanchardstown,,,dublin 15,dublin,ireland
410,18294083,860403617,,,st francis hospice,blanchardstown,,,dublin 15,dublin,ireland
411,18294083,860403617,wmaguire@sfh.ie,,st francis hospice,blanchardstown,,,dublin 15,dublin,ireland
412,18294083,860403617,wmaguire,,st francis hospice,blanchardstown,,,dublin 15,dublin,ireland
413,18294083,860403617,wmaguire@sfh,,st francis hospice,blanchardstown,,,dublin 15,dublin,ireland
414,2970003,,,,st joseph's community hospital,,,,millstreet,cork,ireland
415,2970003,,,,st joseph's community hospital,,,,millstreet,cork,ireland
416,,,,,,,,,,,
417,2970003,,,,st joseph's community hospital,,,,millstreet,cork,ireland
418,2970003,,,,st joseph's community hospital,,,,millstreet,cork,ireland
419,2970003,,,,st joseph's community hospital,,,,millstreet,cork,ireland
420,18373696,879752437,principal@stjosephsprimaryvi.ie,,st joseph's primary school,grace park,,,drumcondra,dublin,ireland
421,,,,,,,,,,,
422,2221998,,,,st marys secondary school,thomas davis street,,,mallow,cork,ireland
423,2221998,,,,st marys secondary school,thomas davis street,,,mallow,cork,ireland
424,909627109,852447660,,,st patrick national school,st patrick national school,killtormer,,ballinasloe,galway,ireland
425,,,,,,,,,,,
426,876147377,,,,st senna national school,,,,kilrush,clare,ireland
427,876147377,,,,st senna national school,,,,kilrush,clare,ireland
428,749721769,,,,st. agnes centre,,,,donegal town,donegal,ireland
429,749721769,,,,st. agnes centre,,,,donegal town,donegal,ireland
430,749721769,,,,st. agnes centre,,,,donegal town,donegal,ireland
431,749721769,,,,st. agnes centre,,,,donegal town,donegal,ireland
432,949022902,,,,st. angela's national school,castlebar,,,castlebar,mayo,ireland
433,0909644112,0609648446,,,st. brigid's hospital,horgans house,walnut grove,,ballinasloe,galway,ireland
434,12819485,879047188,,,st. catherines school,junior room,kilmullen lane,,newcastle,wicklow,ireland
435,0749188832,0749188829,,,st. conals hospital,mortuary,,,letterkenny,donegal,ireland
436,0749188832,0749188829,,,st. conals hospital,mortuary,,,letterkenny,donegal,ireland
437,4781822,872434517,mariemcq@eircom.net,,st. davnets hospital,swimming pool,rooskey,,monaghan,monaghan,ireland
438,12868033,,,,st. fergals junior  national school,,,,bray,wicklow,ireland
439,12868033,,,,st. fergals junior  national school,,,,bray,wicklow,ireland
440,12868033,,,,st. fergals junior  national school,,,,bray,wicklow,ireland
441,214544068,,,,st. gabriels special school,curraheen road,,bishopstown,cork,cork,ireland
442,18464808,,,,st. helens senior national school,limetree avenue,,,portmarnock,dublin,ireland
443,6261833,,,,st. john the baptist national school,old road,,,cashel,tipperary,ireland
444,6261833,,,,st. john the baptist national school,old road,,,cashel,tipperary,ireland
445,6261833,,,,st. john the baptist national school,old road,,,cashel,tipperary,ireland
446,18373635,,,,st. joseph's centre for the visually impaired,grace park road,,dublin 9,drumcondra,dublin,ireland
447,18248636,,,,st. joseph's daughters of charity,clonsilla,,dublin 15,clonsilla,,ireland
448,18248636,,,,st. joseph's daughters of charity,our ladys,2,,clonsilla,dublin 15,ireland
449,18248636,,,,st. joseph's daughters of charity,sonas 5,iris,,clonsilla,dublin 15,ireland
450,18248636,,,,st. joseph's daughters of charity,sonas 4,heather,,clonsilla,dublin 15,ireland
451,18248636,,,,st. joseph's daughters of charity,sonas 3,orchid,,clonsilla,dublin 15,ireland
452,18248636,,,,st. joseph's daughters of charity,sonas 3,orchid,,clonsilla,dublin 15,ireland
453,18248636,,,,st. joseph's daughters of charity,sonas 5,iris,,clonsilla,dublin 15,ireland
454,18248636,,,,st. joseph's daughters of charity,sonas 2,lavender,,clonsilla,dublin 15,ireland
455,04346212,,,,st. josephs hospital,padre pia ward,,,longford,longford,ireland
456,5229438,862593067,,,st. leo's convent,st. leo's convent,dublin road,,carlow,carlow,ireland
457,749521388,,,,st. martins house,sitting room,,,falcarragh,donegal,ireland
458,749521388,,,,st. martins house,,,,falcarragh,donegal,ireland
459,16250329,,,,st. mary's hospital,phoenix park,cun aoibheann unit,,phoenix park,dublin,ireland
460,16250329,,,,st. mary's hospital,tara ward,,,phoenix park,dublin,ireland
461,18671053,,,,st. michaels house,the beeches,donoughmede,,dublin 13,dublin,ireland
462,,876799857,,,st. olaf's national school,balally drive,dundrum,,dublin 14,dublin,ireland
463,,876799857,,,st. olaf's national school,balally drive,dundrum,,dublin 14,dublin,ireland
464,429334488,,,,st. oliver plunkett hospital,service for the older people,dublin road,,dundalk,louth,ireland
465,6432047,877559237,,,st. olivers national school,ballycasheen,,,killarney,kerry,ireland
466,749125455,861605847,lurgybrack@eircom.net,,st. patricks lurgybrack national school,,,,letterkenny,donegal,ireland
467,12861649,,,,st. patricks n.s.,churtlestown,,,enniskerry,wicklow,ireland
468,21450131,,,,st. pauls school,sp3,bonnington,,montenotte,cork,ireland
469,,872837487,,,st. raphael's hospital,oakvale,bungalow e,,youghal,cork,ireland
470,05284350,05284357,,,st. rita's respite,thomas street,,,clonmel,tipperary,ireland
471,,8873530726,,,st. vincents'  daughters of charity,the orchard - room 22,navan road,,dublin 22,dublin,ireland
472,214391333,,,,st. vincents center,st mary's rd,,,cork city,cork,ireland
473,214391333,,,,st. vincents center,st mary's rd,,,cork city,cork,ireland
474,214391333,,,,st. vincents center,st mary's rd,,,cork city,cork,ireland
475,214391333,,,,st. vincents center,st mary's rd,,,cork city,cork,ireland
476,214391333,,,,st. vincents center,st mary's rd,,,cork city,cork,ireland
477,214391333,,,,st. vincents center,st mary's rd,,,cork city,cork,ireland
478,214391333,,,,st. vincents center,st mary's rd,,,cork city,cork,ireland
479,214391333,,,,st. vincents center,st mary's rd,,,cork city,cork,ireland
480,6845366,,,,st.bridgid's ns,duagh,,,listowl,kerry,ireland
481,,,,,,,,,,,
482,16285697,866031577,,,stewarts hospital,kilcolonn day services,farm and equestrein centre,blackhall,kilcloon,meath,ireland
483,16285697,866031577,,,stewarts hospital,kilcolonn day services,farm and equestrein centre,blackhall,kilcloon,meath,ireland
484,015054426,866031577,,,stewarts hospital,kilcolonn day services,farm and equestrein centre,blackhall,kilcloon,meath,ireland
485,16285697,866031577,,,stewarts hospital,kilclonn day services,farm and equestrein centre,blackhall,kilcloon,meath,ireland
486,,,,,,,,,,,
487,14521966,872684095,,,suzanne's house,6 main road,tallaght,d24,tallaght,dublin,ireland
488,14521966,872684095,anne_p_higgins@hotmail.com,,suzanne's house,6 main road,tallaght,d24,tallaght,dublin,ireland
489,6746766,,,,the derg centre day care,gortlandroe,,,nenagh,tipperary,ireland
490,,861730726,,,ursline secondary school,,,,blackrock,cork,ireland
491,,861730726,,,ursline secondary school,,,,blackrock,cork,ireland
492,,862538341,,,val nolan,monashennach,ardagh,,limerick,limerick,ireland
493,217332179,,vicarstownns@eircom.net,,vicarstown national school,vicarstown,,,blarney,cork,ireland
494,498546212,,,,virginia care center,dublin road,6bed ward,,virginia,cavan,ireland
495,51302000,051845548,,,waterford insitute for technology,nurse education building,cork road,,waterford,waterford,ireland
496,539375602,860786914,,,wexford county council,3 the willows,hospital hill,,bunclody,wexford,ireland
497,539136992,864061550,,,wexford county council,(for peter fortuna's daughter),22 mayview park,,oulart,wexford,ireland
498,,,,,,,,,,,
499,749124498,,,,woodlands national school,,,,letterkenny,donegal,ireland
500,2492106,,,,youghal community hospital,our lady of lourdes ward,blackwater room,,youghal,cork,ireland
501,2492106,,,,youghal community hospital,st. theresa's ward,,,youghal,cork,ireland
502,2492106,,,,youghal community hospital,our lady's of lourdes ward,,,youghal,cork,ireland
503,2492106,,,,youghal community hospital,st angela's room,,,youghal,cork,ireland
504,2492106,,,,youghal community hospital,st. roch's ward,top floor,,youghal,cork,ireland
505,2492106,,,,youghal community hospital,single room,,,youghal,cork,ireland
506,2492106,,,,youghal community hospital,,,,youghal,cork,ireland
507,2492106,,,,youghal community hospital,st john's ward,,,youghal,cork,ireland
508,2492106,,,,youghal community hospital,st angela's room,,,youghal,cork,ireland
509,2492106,,,,youghal community hospital,sacred heart ward,,,youghal,cork,ireland
510,2492106,,,,youghal community hospital,st josephs ward,,,youghal,cork,ireland
511,2492106,,,,youghal community hospital,,,,youghal,cork,ireland
512,2492106,,,,youghal community hospital,st brigid's,,,youghal,cork,ireland
513,2492106,,,,youghal community hospital,st. theresa's ward,,,youghal,cork,ireland
514,2492106,,,,youghal community hospital,st josephs ward,,,youghal,cork,ireland
,,,,,,,,,,,
,,,,,,,,,,,
,,,,,,,,,,,
,,,,,,,,,,,
,,,,,,,,,,,
,,,,,,,,,,,
,,,,,,,,,,,
,,,,,,,,,,,
,,,,,,,,,,,
,,,,,,,,,,,
,,,,,,,,,,,
,,,,,,,,,,,
,,,,,,,,,,,
,,,,,,,,,,,
,,,,,,,,,,,
,,,,,,,,,,,
,,,,,,,,,,,
,,,,,,,,,,,
,,,,,,,,,,,
,,,,,,,,,,,
,,,,,,,,,,,
,,,,,,,,,,,
,,,,,,,,,,,
,,,,,,,,,,,
,,,,,,,,,,,
,,,,,,,,,,,
,,,,,,,,,,,
,,,,,,,,,,,
,,,,,,,,,,,
,,,,,,,,,,,
,,,,,,,,,,,
,,,,,,,,,,,
,,,,,,,,,,,
,,,,,,,,,,,
,,,,,,,,,,,
,,,,,,,,,,,
,,,,,,,,,,,
,,,,,,,,,,,
,,,,,,,,,,,
,,,,,,,,,,,
,,,,,,,,,,,
,,,,,,,,,,,
,,,,,,,,,,,
,,,,,,,,,,,
,,,,,,,,,,,
,,,,,,,,,,,
,,,,,,,,,,,
,,,,,,,,,,,
,,,,,,,,,,,
,,,,,,,,,,,
,,,,,,,,,,,
,,,,,,,,,,,
,,,,,,,,,,,
,,,,,,,,,,,
,,,,,,,,,,,
,,,,,,,,,,,
,,,,,,,,,,,
,,,,,,,,,,,
,,,,,,,,,,,
,,,,,,,,,,,
,,,,,,,,,,,
,,,,,,,,,,,
,,,,,,,,,,,
,,,,,,,,,,,
,,,,,,,,,,,
,,,,,,,,,,,
,,,,,,,,,,,
,,,,,,,,,,,
,,,,,,,,,,,
,,,,,,,,,,,
,,,,,,,,,,,
,,,,,,,,,,,
,,,,,,,,,,,
,,,,,,,,,,,
,,,,,,,,,,,
,,,,,,,,,,,
,,,,,,,,,,,
,,,,,,,,,,,
,,,,,,,,,,,
,,,,,,,,,,,
,,,,,,,,,,,
,,,,,,,,,,,
,,,,,,,,,,,
,,,,,,,,,,,
,,,,,,,,,,,
,,,,,,,,,,,
,,,,,,,,,,,
,,,,,,,,,,,
,,,,,,,,,,,
,,,,,,,,,,,
,,,,,,,,,,,
,,,,,,,,,,,
,,,,,,,,,,,
,,,,,,,,,,,
,,,,,,,,,,,
,,,,,,,,,,,
,,,,,,,,,,,
,,,,,,,,,,,
,,,,,,,,,,,
,,,,,,,,,,,
,,,,,,,,,,,
,,,,,,,,,,,
,,,,,,,,,,,
,,,,,,,,,,,
,,,,,,,,,,,
,,,,,,,,,,,
,,,,,,,,,,,
,,,,,,,,,,,
,,,,,,,,,,,
,,,,,,,,,,,
,,,,,,,,,,,
,,,,,,,,,,,
,,,,,,,,,,,
,,,,,,,,,,,
,,,,,,,,,,,
,,,,,,,,,,,
,,,,,,,,,,,
,,,,,,,,,,,
,,,,,,,,,,,
,,,,,,,,,,,
,,,,,,,,,,,
,,,,,,,,,,,
,,,,,,,,,,,
,,,,,,,,,,,
,,,,,,,,,,,
,,,,,,,,,,,
,,,,,,,,,,,
,,,,,,,,,,,
,,,,,,,,,,,
,,,,,,,,,,,
,,,,,,,,,,,
,,,,,,,,,,,
,,,,,,,,,,,
,,,,,,,,,,,
,,,,,,,,,,,
,,,,,,,,,,,
,,,,,,,,,,,
,,,,,,,,,,,
,,,,,,,,,,,
,,,,,,,,,,,
,,,,,,,,,,,
,,,,,,,,,,,
,,,,,,,,,,,
,,,,,,,,,,,
,,,,,,,,,,,
,,,,,,,,,,,
,,,,,,,,,,,
,,,,,,,,,,,
,,,,,,,,,,,
,,,,,,,,,,,
,,,,,,,,,,,
,,,,,,,,,,,
,,,,,,,,,,,
,,,,,,,,,,,
,,,,,,,,,,,
,,,,,,,,,,,
,,,,,,,,,,,
,,,,,,,,,,,
,,,,,,,,,,,
,,,,,,,,,,,
,,,,,,,,,,,
,,,,,,,,,,,
,,,,,,,,,,,
,,,,,,,,,,,
,,,,,,,,,,,
,,,,,,,,,,,
,,,,,,,,,,,
,,,,,,,,,,,
,,,,,,,,,,,
,,,,,,,,,,,
,,,,,,,,,,,
,,,,,,,,,,,
,,,,,,,,,,,
,,,,,,,,,,,
,,,,,,,,,,,
,,,,,,,,,,,
,,,,,,,,,,,
,,,,,,,,,,,
,,,,,,,,,,,
,,,,,,,,,,,
,,,,,,,,,,,
,,,,,,,,,,,
,,,,,,,,,,,
,,,,,,,,,,,
,,,,,,,,,,,
,,,,,,,,,,,
,,,,,,,,,,,
,,,,,,,,,,,
,,,,,,,,,,,
,,,,,,,,,,,
,,,,,,,,,,,
,,,,,,,,,,,
,,,,,,,,,,,
,,,,,,,,,,,
,,,,,,,,,,,
,,,,,,,,,,,
,,,,,,,,,,,
,,,,,,,,,,,
,,,,,,,,,,,
,,,,,,,,,,,
,,,,,,,,,,,
,,,,,,,,,,,
,,,,,,,,,,,
,,,,,,,,,,,
,,,,,,,,,,,
,,,,,,,,,,,
,,,,,,,,,,,
,,,,,,,,,,,
,,,,,,,,,,,
,,,,,,,,,,,
,,,,,,,,,,,
,,,,,,,,,,,
,,,,,,,,,,,
,,,,,,,,,,,
,,,,,,,,,,,
,,,,,,,,,,,
,,,,,,,,,,,
,,,,,,,,,,,
,,,,,,,,,,,
,,,,,,,,,,,
,,,,,,,,,,,
,,,,,,,,,,,
,,,,,,,,,,,
,,,,,,,,,,,
,,,,,,,,,,,
,,,,,,,,,,,
,,,,,,,,,,,
,,,,,,,,,,,
,,,,,,,,,,,
,,,,,,,,,,,
,,,,,,,,,,,
,,,,,,,,,,,
,,,,,,,,,,,
,,,,,,,,,,,
,,,,,,,,,,,
,,,,,,,,,,,
,,,,,,,,,,,
,,,,,,,,,,,
,,,,,,,,,,,
,,,,,,,,,,,
,,,,,,,,,,,
,,,,,,,,,,,
,,,,,,,,,,,
,,,,,,,,,,,
,,,,,,,,,,,
,,,,,,,,,,,
,,,,,,,,,,,
,,,,,,,,,,,
,,,,,,,,,,,
,,,,,,,,,,,
,,,,,,,,,,,
,,,,,,,,,,,
,,,,,,,,,,,
,,,,,,,,,,,
,,,,,,,,,,,
,,,,,,,,,,,
,,,,,,,,,,,
,,,,,,,,,,,
,,,,,,,,,,,
,,,,,,,,,,,
,,,,,,,,,,,
,,,,,,,,,,,
,,,,,,,,,,,
,,,,,,,,,,,
,,,,,,,,,,,
,,,,,,,,,,,
,,,,,,,,,,,
,,,,,,,,,,,
,,,,,,,,,,,
,,,,,,,,,,,
,,,,,,,,,,,
,,,,,,,,,,,
,,,,,,,,,,,
,,,,,,,,,,,
,,,,,,,,,,,
,,,,,,,,,,,
,,,,,,,,,,,
,,,,,,,,,,,
,,,,,,,,,,,
,,,,,,,,,,,
,,,,,,,,,,,
,,,,,,,,,,,
,,,,,,,,,,,
,,,,,,,,,,,
,,,,,,,,,,,
,,,,,,,,,,,
,,,,,,,,,,,
,,,,,,,,,,,
,,,,,,,,,,,
,,,,,,,,,,,
,,,,,,,,,,,
,,,,,,,,,,,
,,,,,,,,,,,
,,,,,,,,,,,
,,,,,,,,,,,
,,,,,,,,,,,
,,,,,,,,,,,
,,,,,,,,,,,
,,,,,,,,,,,
,,,,,,,,,,,
,,,,,,,,,,,
,,,,,,,,,,,
,,,,,,,,,,,
,,,,,,,,,,,
,,,,,,,,,,,
,,,,,,,,,,,
,,,,,,,,,,,
,,,,,,,,,,,
,,,,,,,,,,,
,,,,,,,,,,,
,,,,,,,,,,,
,,,,,,,,,,,
,,,,,,,,,,,
,,,,,,,,,,,
,,,,,,,,,,,
,,,,,,,,,,,
,,,,,,,,,,,
,,,,,,,,,,,
,,,,,,,,,,,
,,,,,,,,,,,
,,,,,,,,,,,
,,,,,,,,,,,
,,,,,,,,,,,
,,,,,,,,,,,
,,,,,,,,,,,
,,,,,,,,,,,
,,,,,,,,,,,
,,,,,,,,,,,
,,,,,,,,,,,
,,,,,,,,,,,
,,,,,,,,,,,
,,,,,,,,,,,
,,,,,,,,,,,
,,,,,,,,,,,
,,,,,,,,,,,
,,,,,,,,,,,
,,,,,,,,,,,
,,,,,,,,,,,
,,,,,,,,,,,
,,,,,,,,,,,
,,,,,,,,,,,
,,,,,,,,,,,
,,,,,,,,,,,
,,,,,,,,,,,
,,,,,,,,,,,
,,,,,,,,,,,
,,,,,,,,,,,
,,,,,,,,,,,
,,,,,,,,,,,
,,,,,,,,,,,
,,,,,,,,,,,
,,,,,,,,,,,
,,,,,,,,,,,
,,,,,,,,,,,
,,,,,,,,,,,
,,,,,,,,,,,
,,,,,,,,,,,
,,,,,,,,,,,
,,,,,,,,,,,
,,,,,,,,,,,
,,,,,,,,,,,
,,,,,,,,,,,
,,,,,,,,,,,
,,,,,,,,,,,
,,,,,,,,,,,
,,,,,,,,,,,
,,,,,,,,,,,
,,,,,,,,,,,
,,,,,,,,,,,
,,,,,,,,,,,
,,,,,,,,,,,
,,,,,,,,,,,
,,,,,,,,,,,
,,,,,,,,,,,
,,,,,,,,,,,
,,,,,,,,,,,
,,,,,,,,,,,
,,,,,,,,,,,
,,,,,,,,,,,
,,,,,,,,,,,
,,,,,,,,,,,
,,,,,,,,,,,
,,,,,,,,,,,
,,,,,,,,,,,
,,,,,,,,,,,
,,,,,,,,,,,
,,,,,,,,,,,
,,,,,,,,,,,
,,,,,,,,,,,
,,,,,,,,,,,
,,,,,,,,,,,
,,,,,,,,,,,
,,,,,,,,,,,
,,,,,,,,,,,
,,,,,,,,,,,
,,,,,,,,,,,
,,,,,,,,,,,
,,,,,,,,,,,
,,,,,,,,,,,
,,,,,,,,,,,
,,,,,,,,,,,
,,,,,,,,,,,
,,,,,,,,,,,
,,,,,,,,,,,
,,,,,,,,,,,
,,,,,,,,,,,
,,,,,,,,,,,
,,,,,,,,,,,
,,,,,,,,,,,
,,,,,,,,,,,
,,,,,,,,,,,
,,,,,,,,,,,
,,,,,,,,,,,
,,,,,,,,,,,
,,,,,,,,,,,
,,,,,,,,,,,
,,,,,,,,,,,
,,,,,,,,,,,
,,,,,,,,,,,
,,,,,,,,,,,
,,,,,,,,,,,
,,,,,,,,,,,
,,,,,,,,,,,
,,,,,,,,,,,
,,,,,,,,,,,
,,,,,,,,,,,
,,,,,,,,,,,
,,,,,,,,,,,
,,,,,,,,,,,
,,,,,,,,,,,
,,,,,,,,,,,
,,,,,,,,,,,
,,,,,,,,,,,
,,,,,,,,,,,
,,,,,,,,,,,
,,,,,,,,,,,
,,,,,,,,,,,
,,,,,,,,,,,
,,,,,,,,,,,
,,,,,,,,,,,
,,,,,,,,,,,
,,,,,,,,,,,
,,,,,,,,,,,
,,,,,,,,,,,
,,,,,,,,,,,
,,,,,,,,,,,
,,,,,,,,,,,
,,,,,,,,,,,
,,,,,,,,,,,
,,,,,,,,,,,
,,,,,,,,,,,
,,,,,,,,,,,
,,,,,,,,,,,
,,,,,,,,,,,
,,,,,,,,,,,
,,,,,,,,,,,
,,,,,,,,,,,
,,,,,,,,,,,
,,,,,,,,,,,
,,,,,,,,,,,
,,,,,,,,,,,
,,,,,,,,,,,
,,,,,,,,,,,
,,,,,,,,,,,
,,,,,,,,,,,
,,,,,,,,,,,
,,,,,,,,,,,
,,,,,,,,,,,
,,,,,,,,,,,
,,,,,,,,,,,
,,,,,,,,,,,
,,,,,,,,,,,
,,,,,,,,,,,
,,,,,,,,,,,
,,,,,,,,,,,
,,,,,,,,,,,
,,,,,,,,,,,
,,,,,,,,,,,
,,,,,,,,,,,
,,,,,,,,,,,
,,,,,,,,,,,
,,,,,,,,,,,
,,,,,,,,,,,
,,,,,,,,,,,
,,,,,,,,,,,
,,,,,,,,,,,
,,,,,,,,,,,
,,,,,,,,,,,
,,,,,,,,,,,
,,,,,,,,,,,
,,,,,,,,,,,
,,,,,,,,,,,
,,,,,,,,,,,
,,,,,,,,,,,
,,,,,,,,,,,
,,,,,,,,,,,
,,,,,,,,,,,
,,,,,,,,,,,
,,,,,,,,,,,
,,,,,,,,,,,
,,,,,,,,,,,
,,,,,,,,,,,
,,,,,,,,,,,
,,,,,,,,,,,
,,,,,,,,,,,
,,,,,,,,,,,
,,,,,,,,,,,
,,,,,,,,,,,
,,,,,,,,,,,
,,,,,,,,,,,
,,,,,,,,,,,
,,,,,,,,,,,
,,,,,,,,,,,
,,,,,,,,,,,
,,,,,,,,,,,
,,,,,,,,,,,
,,,,,,,,,,,
,,,,,,,,,,,
,,,,,,,,,,,
,,,,,,,,,,,
,,,,,,,,,,,
,,,,,,,,,,,
,,,,,,,,,,,
,,,,,,,,,,,
,,,,,,,,,,,
,,,,,,,,,,,
,,,,,,,,,,,
,,,,,,,,,,,
,,,,,,,,,,,
,,,,,,,,,,,
,,,,,,,,,,,
,,,,,,,,,,,
,,,,,,,,,,,
,,,,,,,,,,,
,,,,,,,,,,,
,,,,,,,,,,,
,,,,,,,,,,,
,,,,,,,,,,,
,,,,,,,,,,,
,,,,,,,,,,,
,,,,,,,,,,,
,,,,,,,,,,,
,,,,,,,,,,,
,,,,,,,,,,,
,,,,,,,,,,,
,,,,,,,,,,,
,,,,,,,,,,,
,,,,,,,,,,,
,,,,,,,,,,,
,,,,,,,,,,,
,,,,,,,,,,,
,,,,,,,,,,,
,,,,,,,,,,,
,,,,,,,,,,,
,,,,,,,,,,,
,,,,,,,,,,,
,,,,,,,,,,,
,,,,,,,,,,,
,,,,,,,,,,,
,,,,,,,,,,,
,,,,,,,,,,,
,,,,,,,,,,,
,,,,,,,,,,,
,,,,,,,,,,,
,,,,,,,,,,,
,,,,,,,,,,,
,,,,,,,,,,,
,,,,,,,,,,,
,,,,,,,,,,,
,,,,,,,,,,,
,,,,,,,,,,,
,,,,,,,,,,,
,,,,,,,,,,,
,,,,,,,,,,,
,,,,,,,,,,,
,,,,,,,,,,,
,,,,,,,,,,,
,,,,,,,,,,,
,,,,,,,,,,,
,,,,,,,,,,,
,,,,,,,,,,,
,,,,,,,,,,,
,,,,,,,,,,,
,,,,,,,,,,,
,,,,,,,,,,,
,,,,,,,,,,,
,,,,,,,,,,,
,,,,,,,,,,,
,,,,,,,,,,,
,,,,,,,,,,,
,,,,,,,,,,,
,,,,,,,,,,,
,,,,,,,,,,,
,,,,,,,,,,,
,,,,,,,,,,,
,,,,,,,,,,,
,,,,,,,,,,,
,,,,,,,,,,,
,,,,,,,,,,,
,,,,,,,,,,,
,,,,,,,,,,,
,,,,,,,,,,,
,,,,,,,,,,,
,,,,,,,,,,,
,,,,,,,,,,,
,,,,,,,,,,,
,,,,,,,,,,,
,,,,,,,,,,,
,,,,,,,,,,,
,,,,,,,,,,,
,,,,,,,,,,,
,,,,,,,,,,,
,,,,,,,,,,,
,,,,,,,,,,,
,,,,,,,,,,,
,,,,,,,,,,,
,,,,,,,,,,,
,,,,,,,,,,,
,,,,,,,,,,,
,,,,,,,,,,,
,,,,,,,,,,,
,,,,,,,,,,,
,,,,,,,,,,,
,,,,,,,,,,,
,,,,,,,,,,,
,,,,,,,,,,,
,,,,,,,,,,,
,,,,,,,,,,,
,,,,,,,,,,,
,,,,,,,,,,,
,,,,,,,,,,,
,,,,,,,,,,,
,,,,,,,,,,,
,,,,,,,,,,,
,,,,,,,,,,,
,,,,,,,,,,,
,,,,,,,,,,,
,,,,,,,,,,,
,,,,,,,,,,,
,,,,,,,,,,,
,,,,,,,,,,,
,,,,,,,,,,,
,,,,,,,,,,,
,,,,,,,,,,,
,,,,,,,,,,,
,,,,,,,,,,,
,,,,,,,,,,,
,,,,,,,,,,,
,,,,,,,,,,,
,,,,,,,,,,,
,,,,,,,,,,,
,,,,,,,,,,,
,,,,,,,,,,,
,,,,,,,,,,,
,,,,,,,,,,,
,,,,,,,,,,,
,,,,,,,,,,,
,,,,,,,,,,,
,,,,,,,,,,,
,,,,,,,,,,,
,,,,,,,,,,,
,,,,,,,,,,,
,,,,,,,,,,,
,,,,,,,,,,,
,,,,,,,,,,,
,,,,,,,,,,,
,,,,,,,,,,,
,,,,,,,,,,,
,,,,,,,,,,,
,,,,,,,,,,,
,,,,,,,,,,,
,,,,,,,,,,,
,,,,,,,,,,,
,,,,,,,,,,,
,,,,,,,,,,,
,,,,,,,,,,,
,,,,,,,,,,,
,,,,,,,,,,,
,,,,,,,,,,,
,,,,,,,,,,,
,,,,,,,,,,,
,,,,,,,,,,,
,,,,,,,,,,,
,,,,,,,,,,,
,,,,,,,,,,,
,,,,,,,,,,,
,,,,,,,,,,,
,,,,,,,,,,,
,,,,,,,,,,,
,,,,,,,,,,,
,,,,,,,,,,,
,,,,,,,,,,,
,,,,,,,,,,,
,,,,,,,,,,,
,,,,,,,,,,,
,,,,,,,,,,,
,,,,,,,,,,,
,,,,,,,,,,,
,,,,,,,,,,,
,,,,,,,,,,,
,,,,,,,,,,,
,,,,,,,,,,,
,,,,,,,,,,,
,,,,,,,,,,,
,,,,,,,,,,,
,,,,,,,,,,,
,,,,,,,,,,,
,,,,,,,,,,,
,,,,,,,,,,,
,,,,,,,,,,,
,,,,,,,,,,,
,,,,,,,,,,,
,,,,,,,,,,,
,,,,,,,,,,,
,,,,,,,,,,,
,,,,,,,,,,,
,,,,,,,,,,,
,,,,,,,,,,,
,,,,,,,,,,,
,,,,,,,,,,,
,,,,,,,,,,,
,,,,,,,,,,,
,,,,,,,,,,,
,,,,,,,,,,,
,,,,,,,,,,,
,,,,,,,,,,,
,,,,,,,,,,,
,,,,,,,,,,,
,,,,,,,,,,,
,,,,,,,,,,,
,,,,,,,,,,,
,,,,,,,,,,,
,,,,,,,,,,,
,,,,,,,,,,,
,,,,,,,,,,,
,,,,,,,,,,,
,,,,,,,,,,,
,,,,,,,,,,,
,,,,,,,,,,,
,,,,,,,,,,,
,,,,,,,,,,,
,,,,,,,,,,,
,,,,,,,,,,,
,,,,,,,,,,,
,,,,,,,,,,,
,,,,,,,,,,,
,,,,,,,,,,,
,,,,,,,,,,,
,,,,,,,,,,,
,,,,,,,,,,,
,,,,,,,,,,,
,,,,,,,,,,,
,,,,,,,,,,,
,,,,,,,,,,,
,,,,,,,,,,,
,,,,,,,,,,,
,,,,,,,,,,,
,,,,,,,,,,,
,,,,,,,,,,,
,,,,,,,,,,,
,,,,,,,,,,,
,,,,,,,,,,,
,,,,,,,,,,,
,,,,,,,,,,,
,,,,,,,,,,,
,,,,,,,,,,,
,,,,,,,,,,,
,,,,,,,,,,,
,,,,,,,,,,,
,,,,,,,,,,,
,,,,,,,,,,,
,,,,,,,,,,,
,,,,,,,,,,,
,,,,,,,,,,,
,,,,,,,,,,,
,,,,,,,,,,,
,,,,,,,,,,,
,,,,,,,,,,,
,,,,,,,,,,,
,,,,,,,,,,,
,,,,,,,,,,,
,,,,,,,,,,,
,,,,,,,,,,,
,,,,,,,,,,,
,,,,,,,,,,,
,,,,,,,,,,,
,,,,,,,,,,,
,,,,,,,,,,,
,,,,,,,,,,,
,,,,,,,,,,,
,,,,,,,,,,,
,,,,,,,,,,,
,,,,,,,,,,,
,,,,,,,,,,,
,,,,,,,,,,,
,,,,,,,,,,,
,,,,,,,,,,,
,,,,,,,,,,,
,,,,,,,,,,,
,,,,,,,,,,,
,,,,,,,,,,,
,,,,,,,,,,,
,,,,,,,,,,,
,,,,,,,,,,,
,,,,,,,,,,,
,,,,,,,,,,,
,,,,,,,,,,,
,,,,,,,,,,,
,,,,,,,,,,,
,,,,,,,,,,,
,,,,,,,,,,,
,,,,,,,,,,,
,,,,,,,,,,,
,,,,,,,,,,,
,,,,,,,,,,,
,,,,,,,,,,,
,,,,,,,,,,,
,,,,,,,,,,,
,,,,,,,,,,,
,,,,,,,,,,,
,,,,,,,,,,,
,,,,,,,,,,,
,,,,,,,,,,,
,,,,,,,,,,,
,,,,,,,,,,,
,,,,,,,,,,,
,,,,,,,,,,,
,,,,,,,,,,,
,,,,,,,,,,,
,,,,,,,,,,,
,,,,,,,,,,,
,,,,,,,,,,,
,,,,,,,,,,,
,,,,,,,,,,,
,,,,,,,,,,,
,,,,,,,,,,,
,,,,,,,,,,,
,,,,,,,,,,,
,,,,,,,,,,,
,,,,,,,,,,,
,,,,,,,,,,,
,,,,,,,,,,,
,,,,,,,,,,,
,,,,,,,,,,,
,,,,,,,,,,,
,,,,,,,,,,,
,,,,,,,,,,,
,,,,,,,,,,,
,,,,,,,,,,,
,,,,,,,,,,,
,,,,,,,,,,,
,,,,,,,,,,,
,,,,,,,,,,,
,,,,,,,,,,,
,,,,,,,,,,,
,,,,,,,,,,,
,,,,,,,,,,,
,,,,,,,,,,,
,,,,,,,,,,,
,,,,,,,,,,,
,,,,,,,,,,,
,,,,,,,,,,,
,,,,,,,,,,,
,,,,,,,,,,,
,,,,,,,,,,,
,,,,,,,,,,,
,,,,,,,,,,,
,,,,,,,,,,,
,,,,,,,,,,,
,,,,,,,,,,,
,,,,,,,,,,,
,,,,,,,,,,,
,,,,,,,,,,,
,,,,,,,,,,,
,,,,,,,,,,,
,,,,,,,,,,,
,,,,,,,,,,,
,,,,,,,,,,,
,,,,,,,,,,,
,,,,,,,,,,,
,,,,,,,,,,,
,,,,,,,,,,,
,,,,,,,,,,,
,,,,,,,,,,,
,,,,,,,,,,,
,,,,,,,,,,,
,,,,,,,,,,,
,,,,,,,,,,,
,,,,,,,,,,,
,,,,,,,,,,,
,,,,,,,,,,,
,,,,,,,,,,,
,,,,,,,,,,,
,,,,,,,,,,,
,,,,,,,,,,,
,,,,,,,,,,,
,,,,,,,,,,,
,,,,,,,,,,,
,,,,,,,,,,,
,,,,,,,,,,,
,,,,,,,,,,,
,,,,,,,,,,,
,,,,,,,,,,,
,,,,,,,,,,,
,,,,,,,,,,,
,,,,,,,,,,,
,,,,,,,,,,,
,,,,,,,,,,,
,,,,,,,,,,,
,,,,,,,,,,,
,,,,,,,,,,,
,,,,,,,,,,,
,,,,,,,,,,,
,,,,,,,,,,,
,,,,,,,,,,,
,,,,,,,,,,,
,,,,,,,,,,,
,,,,,,,,,,,
,,,,,,,,,,,
,,,,,,,,,,,
,,,,,,,,,,,
,,,,,,,,,,,
,,,,,,,,,,,
,,,,,,,,,,,
,,,,,,,,,,,
,,,,,,,,,,,
,,,,,,,,,,,
,,,,,,,,,,,
,,,,,,,,,,,
,,,,,,,,,,,
,,,,,,,,,,,
,,,,,,,,,,,
,,,,,,,,,,,
,,,,,,,,,,,
,,,,,,,,,,,
,,,,,,,,,,,
,,,,,,,,,,,
,,,,,,,,,,,
,,,,,,,,,,,
,,,,,,,,,,,
,,,,,,,,,,,
,,,,,,,,,,,
,,,,,,,,,,,
,,,,,,,,,,,
,,,,,,,,,,,
,,,,,,,,,,,
,,,,,,,,,,,
,,,,,,,,,,,
,,,,,,,,,,,
,,,,,,,,,,,
,,,,,,,,,,,
,,,,,,,,,,,
,,,,,,,,,,,
,,,,,,,,,,,
,,,,,,,,,,,
,,,,,,,,,,,
,,,,,,,,,,,
,,,,,,,,,,,
,,,,,,,,,,,
,,,,,,,,,,,
,,,,,,,,,,,
,,,,,,,,,,,
,,,,,,,,,,,
,,,,,,,,,,,
,,,,,,,,,,,
,,,,,,,,,,,
,,,,,,,,,,,
,,,,,,,,,,,
,,,,,,,,,,,
,,,,,,,,,,,
,,,,,,,,,,,
,,,,,,,,,,,
,,,,,,,,,,,
,,,,,,,,,,,
,,,,,,,,,,,
,,,,,,,,,,,
,,,,,,,,,,,
,,,,,,,,,,,
,,,,,,,,,,,
,,,,,,,,,,,
,,,,,,,,,,,
,,,,,,,,,,,
,,,,,,,,,,,
,,,,,,,,,,,
,,,,,,,,,,,
,,,,,,,,,,,
,,,,,,,,,,,
,,,,,,,,,,,
,,,,,,,,,,,
,,,,,,,,,,,
,,,,,,,,,,,
,,,,,,,,,,,
,,,,,,,,,,,
,,,,,,,,,,,
,,,,,,,,,,,
,,,,,,,,,,,
,,,,,,,,,,,
,,,,,,,,,,,
,,,,,,,,,,,
,,,,,,,,,,,
,,,,,,,,,,,
,,,,,,,,,,,
,,,,,,,,,,,
,,,,,,,,,,,
,,,,,,,,,,,
,,,,,,,,,,,
,,,,,,,,,,,
,,,,,,,,,,,
,,,,,,,,,,,
,,,,,,,,,,,
,,,,,,,,,,,
,,,,,,,,,,,
,,,,,,,,,,,
,,,,,,,,,,,
,,,,,,,,,,,
,,,,,,,,,,,
,,,,,,,,,,,
,,,,,,,,,,,
,,,,,,,,,,,
,,,,,,,,,,,
,,,,,,,,,,,
,,,,,,,,,,,
,,,,,,,,,,,
,,,,,,,,,,,
,,,,,,,,,,,
,,,,,,,,,,,
,,,,,,,,,,,
,,,,,,,,,,,
,,,,,,,,,,,
,,,,,,,,,,,
,,,,,,,,,,,
,,,,,,,,,,,
,,,,,,,,,,,
,,,,,,,,,,,
,,,,,,,,,,,
,,,,,,,,,,,
,,,,,,,,,,,
,,,,,,,,,,,
,,,,,,,,,,,
,,,,,,,,,,,
,,,,,,,,,,,
,,,,,,,,,,,
,,,,,,,,,,,
,,,,,,,,,,,
,,,,,,,,,,,
,,,,,,,,,,,
,,,,,,,,,,,
,,,,,,,,,,,
,,,,,,,,,,,
,,,,,,,,,,,
,,,,,,,,,,,
,,,,,,,,,,,
,,,,,,,,,,,
,,,,,,,,,,,
,,,,,,,,,,,
,,,,,,,,,,,
,,,,,,,,,,,
,,,,,,,,,,,
,,,,,,,,,,,
,,,,,,,,,,,
,,,,,,,,,,,
,,,,,,,,,,,
,,,,,,,,,,,
,,,,,,,,,,,
,,,,,,,,,,,
,,,,,,,,,,,
,,,,,,,,,,,
,,,,,,,,,,,
,,,,,,,,,,,
,,,,,,,,,,,
,,,,,,,,,,,
,,,,,,,,,,,
,,,,,,,,,,,
,,,,,,,,,,,
,,,,,,,,,,,
,,,,,,,,,,,
,,,,,,,,,,,
,,,,,,,,,,,
,,,,,,,,,,,
,,,,,,,,,,,
,,,,,,,,,,,
,,,,,,,,,,,
,,,,,,,,,,,
,,,,,,,,,,,
,,,,,,,,,,,
,,,,,,,,,,,
,,,,,,,,,,,
,,,,,,,,,,,
,,,,,,,,,,,
,,,,,,,,,,,
,,,,,,,,,,,
,,,,,,,,,,,
,,,,,,,,,,,
,,,,,,,,,,,
,,,,,,,,,,,
,,,,,,,,,,,
,,,,,,,,,,,
,,,,,,,,,,,
,,,,,,,,,,,
,,,,,,,,,,,
,,,,,,,,,,,
,,,,,,,,,,,
,,,,,,,,,,,
,,,,,,,,,,,
,,,,,,,,,,,
,,,,,,,,,,,
,,,,,,,,,,,
,,,,,,,,,,,
,,,,,,,,,,,
,,,,,,,,,,,
,,,,,,,,,,,
,,,,,,,,,,,
,,,,,,,,,,,
,,,,,,,,,,,
,,,,,,,,,,,
,,,,,,,,,,,
,,,,,,,,,,,
,,,,,,,,,,,
,,,,,,,,,,,
,,,,,,,,,,,
,,,,,,,,,,,
,,,,,,,,,,,
,,,,,,,,,,,
,,,,,,,,,,,
,,,,,,,,,,,
,,,,,,,,,,,
,,,,,,,,,,,
,,,,,,,,,,,
,,,,,,,,,,,
,,,,,,,,,,,
,,,,,,,,,,,
,,,,,,,,,,,
,,,,,,,,,,,
,,,,,,,,,,,
,,,,,,,,,,,
,,,,,,,,,,,
,,,,,,,,,,,
,,,,,,,,,,,
,,,,,,,,,,,
,,,,,,,,,,,
,,,,,,,,,,,
,,,,,,,,,,,
,,,,,,,,,,,
,,,,,,,,,,,
,,,,,,,,,,,
,,,,,,,,,,,
,,,,,,,,,,,
,,,,,,,,,,,
,,,,,,,,,,,
,,,,,,,,,,,
,,,,,,,,,,,
,,,,,,,,,,,
,,,,,,,,,,,
,,,,,,,,,,,
,,,,,,,,,,,
,,,,,,,,,,,
,,,,,,,,,,,
,,,,,,,,,,,
,,,,,,,,,,,
,,,,,,,,,,,
,,,,,,,,,,,
,,,,,,,,,,,
,,,,,,,,,,,
,,,,,,,,,,,
,,,,,,,,,,,
,,,,,,,,,,,
,,,,,,,,,,,
,,,,,,,,,,,
,,,,,,,,,,,
,,,,,,,,,,,
,,,,,,,,,,,
,,,,,,,,,,,
,,,,,,,,,,,
,,,,,,,,,,,
,,,,,,,,,,,
,,,,,,,,,,,
,,,,,,,,,,,
,,,,,,,,,,,
,,,,,,,,,,,
,,,,,,,,,,,
,,,,,,,,,,,
,,,,,,,,,,,
,,,,,,,,,,,
,,,,,,,,,,,
,,,,,,,,,,,
,,,,,,,,,,,
,,,,,,,,,,,
,,,,,,,,,,,
,,,,,,,,,,,
,,,,,,,,,,,
,,,,,,,,,,,
,,,,,,,,,,,
,,,,,,,,,,,
,,,,,,,,,,,
,,,,,,,,,,,
,,,,,,,,,,,
,,,,,,,,,,,
,,,,,,,,,,,
,,,,,,,,,,,
,,,,,,,,,,,
,,,,,,,,,,,
,,,,,,,,,,,
,,,,,,,,,,,
,,,,,,,,,,,
,,,,,,,,,,,
,,,,,,,,,,,
,,,,,,,,,,,
,,,,,,,,,,,
,,,,,,,,,,,
,,,,,,,,,,,
,,,,,,,,,,,
,,,,,,,,,,,
,,,,,,,,,,,
,,,,,,,,,,,
,,,,,,,,,,,
,,,,,,,,,,,
,,,,,,,,,,,
,,,,,,,,,,,
,,,,,,,,,,,
,,,,,,,,,,,
,,,,,,,,,,,
,,,,,,,,,,,
,,,,,,,,,,,
,,,,,,,,,,,
,,,,,,,,,,,
,,,,,,,,,,,
,,,,,,,,,,,
,,,,,,,,,,,
,,,,,,,,,,,
,,,,,,,,,,,
,,,,,,,,,,,
,,,,,,,,,,,
,,,,,,,,,,,
,,,,,,,,,,,
,,,,,,,,,,,
,,,,,,,,,,,
,,,,,,,,,,,
,,,,,,,,,,,
,,,,,,,,,,,
,,,,,,,,,,,
,,,,,,,,,,,
,,,,,,,,,,,
,,,,,,,,,,,
,,,,,,,,,,,
,,,,,,,,,,,
,,,,,,,,,,,
,,,,,,,,,,,
,,,,,,,,,,,
,,,,,,,,,,,
,,,,,,,,,,,
,,,,,,,,,,,
,,,,,,,,,,,
,,,,,,,,,,,
,,,,,,,,,,,
,,,,,,,,,,,
,,,,,,,,,,,
,,,,,,,,,,,
,,,,,,,,,,,
,,,,,,,,,,,
,,,,,,,,,,,
,,,,,,,,,,,
,,,,,,,,,,,
,,,,,,,,,,,
,,,,,,,,,,,
,,,,,,,,,,,
,,,,,,,,,,,
,,,,,,,,,,,
,,,,,,,,,,,
,,,,,,,,,,,
,,,,,,,,,,,
,,,,,,,,,,,
,,,,,,,,,,,
,,,,,,,,,,,
,,,,,,,,,,,
,,,,,,,,,,,
,,,,,,,,,,,
,,,,,,,,,,,
,,,,,,,,,,,
,,,,,,,,,,,
,,,,,,,,,,,
,,,,,,,,,,,
,,,,,,,,,,,
,,,,,,,,,,,
,,,,,,,,,,,
,,,,,,,,,,,
,,,,,,,,,,,
,,,,,,,,,,,
,,,,,,,,,,,
,,,,,,,,,,,
,,,,,,,,,,,
,,,,,,,,,,,
,,,,,,,,,,,
,,,,,,,,,,,
,,,,,,,,,,,
,,,,,,,,,,,
,,,,,,,,,,,
,,,,,,,,,,,
,,,,,,,,,,,
,,,,,,,,,,,
,,,,,,,,,,,
,,,,,,,,,,,
,,,,,,,,,,,
,,,,,,,,,,,
,,,,,,,,,,,
,,,,,,,,,,,
,,,,,,,,,,,
,,,,,,,,,,,
,,,,,,,,,,,
,,,,,,,,,,,
,,,,,,,,,,,
,,,,,,,,,,,
,,,,,,,,,,,
,,,,,,,,,,,
,,,,,,,,,,,
,,,,,,,,,,,
,,,,,,,,,,,
,,,,,,,,,,,
,,,,,,,,,,,
,,,,,,,,,,,
,,,,,,,,,,,
,,,,,,,,,,,
,,,,,,,,,,,
,,,,,,,,,,,
,,,,,,,,,,,
,,,,,,,,,,,
,,,,,,,,,,,
,,,,,,,,,,,
,,,,,,,,,,,
,,,,,,,,,,,
,,,,,,,,,,,
,,,,,,,,,,,
,,,,,,,,,,,
,,,,,,,,,,,
,,,,,,,,,,,
,,,,,,,,,,,
,,,,,,,,,,,
,,,,,,,,,,,
,,,,,,,,,,,
,,,,,,,,,,,
,,,,,,,,,,,
,,,,,,,,,,,
,,,,,,,,,,,
,,,,,,,,,,,
,,,,,,,,,,,
,,,,,,,,,,,
,,,,,,,,,,,
,,,,,,,,,,,
,,,,,,,,,,,
,,,,,,,,,,,
,,,,,,,,,,,
,,,,,,,,,,,
,,,,,,,,,,,
,,,,,,,,,,,
,,,,,,,,,,,
,,,,,,,,,,,
,,,,,,,,,,,
,,,,,,,,,,,
,,,,,,,,,,,
,,,,,,,,,,,
,,,,,,,,,,,
,,,,,,,,,,,
,,,,,,,,,,,
,,,,,,,,,,,
,,,,,,,,,,,
,,,,,,,,,,,
,,,,,,,,,,,
,,,,,,,,,,,
,,,,,,,,,,,
,,,,,,,,,,,
,,,,,,,,,,,
,,,,,,,,,,,
,,,,,,,,,,,
,,,,,,,,,,,
,,,,,,,,,,,
,,,,,,,,,,,
,,,,,,,,,,,
,,,,,,,,,,,
,,,,,,,,,,,
,,,,,,,,,,,
,,,,,,,,,,,
,,,,,,,,,,,
,,,,,,,,,,,
,,,,,,,,,,,
,,,,,,,,,,,
,,,,,,,,,,,
,,,,,,,,,,,
,,,,,,,,,,,
,,,,,,,,,,,
,,,,,,,,,,,
,,,,,,,,,,,
,,,,,,,,,,,
,,,,,,,,,,,
,,,,,,,,,,,
,,,,,,,,,,,
,,,,,,,,,,,
,,,,,,,,,,,
,,,,,,,,,,,
,,,,,,,,,,,
,,,,,,,,,,,
,,,,,,,,,,,
,,,,,,,,,,,
,,,,,,,,,,,
,,,,,,,,,,,
,,,,,,,,,,,
,,,,,,,,,,,
,,,,,,,,,,,
,,,,,,,,,,,
,,,,,,,,,,,
,,,,,,,,,,,
,,,,,,,,,,,
,,,,,,,,,,,
,,,,,,,,,,,
,,,,,,,,,,,
,,,,,,,,,,,
,,,,,,,,,,,
,,,,,,,,,,,
,,,,,,,,,,,
,,,,,,,,,,,
,,,,,,,,,,,
,,,,,,,,,,,
,,,,,,,,,,,
,,,,,,,,,,,
,,,,,,,,,,,
,,,,,,,,,,,
,,,,,,,,,,,
,,,,,,,,,,,
,,,,,,,,,,,
,,,,,,,,,,,
,,,,,,,,,,,
,,,,,,,,,,,
,,,,,,,,,,,
,,,,,,,,,,,
,,,,,,,,,,,
,,,,,,,,,,,
,,,,,,,,,,,
,,,,,,,,,,,
,,,,,,,,,,,
,,,,,,,,,,,
,,,,,,,,,,,
,,,,,,,,,,,
,,,,,,,,,,,
,,,,,,,,,,,
,,,,,,,,,,,
,,,,,,,,,,,
,,,,,,,,,,,
,,,,,,,,,,,
,,,,,,,,,,,
,,,,,,,,,,,
,,,,,,,,,,,
,,,,,,,,,,,
,,,,,,,,,,,
,,,,,,,,,,,
,,,,,,,,,,,
,,,,,,,,,,,
,,,,,,,,,,,
,,,,,,,,,,,
,,,,,,,,,,,
,,,,,,,,,,,
,,,,,,,,,,,
,,,,,,,,,,,
,,,,,,,,,,,
,,,,,,,,,,,
,,,,,,,,,,,
,,,,,,,,,,,
,,,,,,,,,,,
,,,,,,,,,,,
,,,,,,,,,,,
,,,,,,,,,,,
,,,,,,,,,,,
,,,,,,,,,,,
,,,,,,,,,,,
,,,,,,,,,,,
,,,,,,,,,,,
,,,,,,,,,,,
,,,,,,,,,,,
,,,,,,,,,,,
,,,,,,,,,,,
,,,,,,,,,,,
,,,,,,,,,,,
,,,,,,,,,,,
,,,,,,,,,,,
,,,,,,,,,,,
,,,,,,,,,,,
,,,,,,,,,,,
,,,,,,,,,,,
,,,,,,,,,,,
,,,,,,,,,,,
,,,,,,,,,,,
,,,,,,,,,,,
,,,,,,,,,,,
,,,,,,,,,,,
,,,,,,,,,,,
,,,,,,,,,,,
,,,,,,,,,,,
,,,,,,,,,,,
,,,,,,,,,,,
,,,,,,,,,,,
,,,,,,,,,,,
,,,,,,,,,,,
,,,,,,,,,,,
,,,,,,,,,,,
,,,,,,,,,,,
,,,,,,,,,,,
,,,,,,,,,,,
,,,,,,,,,,,
,,,,,,,,,,,
,,,,,,,,,,,
,,,,,,,,,,,
,,,,,,,,,,,
,,,,,,,,,,,
,,,,,,,,,,,
,,,,,,,,,,,
,,,,,,,,,,,
,,,,,,,,,,,
,,,,,,,,,,,
,,,,,,,,,,,
,,,,,,,,,,,
,,,,,,,,,,,
,,,,,,,,,,,
,,,,,,,,,,,
,,,,,,,,,,,
,,,,,,,,,,,
,,,,,,,,,,,
,,,,,,,,,,,
,,,,,,,,,,,
,,,,,,,,,,,
,,,,,,,,,,,
,,,,,,,,,,,
,,,,,,,,,,,
,,,,,,,,,,,
,,,,,,,,,,,
,,,,,,,,,,,
,,,,,,,,,,,
,,,,,,,,,,,
,,,,,,,,,,,
,,,,,,,,,,,
,,,,,,,,,,,
,,,,,,,,,,,
,,,,,,,,,,,
,,,,,,,,,,,
,,,,,,,,,,,
,,,,,,,,,,,
,,,,,,,,,,,
,,,,,,,,,,,
,,,,,,,,,,,
,,,,,,,,,,,
,,,,,,,,,,,
,,,,,,,,,,,
,,,,,,,,,,,
,,,,,,,,,,,
,,,,,,,,,,,
,,,,,,,,,,,
,,,,,,,,,,,
,,,,,,,,,,,
,,,,,,,,,,,
,,,,,,,,,,,
,,,,,,,,,,,
,,,,,,,,,,,
,,,,,,,,,,,
,,,,,,,,,,,
,,,,,,,,,,,
,,,,,,,,,,,
,,,,,,,,,,,
,,,,,,,,,,,
,,,,,,,,,,,
,,,,,,,,,,,
,,,,,,,,,,,
,,,,,,,,,,,
,,,,,,,,,,,
,,,,,,,,,,,
,,,,,,,,,,,
,,,,,,,,,,,
,,,,,,,,,,,
,,,,,,,,,,,
,,,,,,,,,,,
,,,,,,,,,,,
,,,,,,,,,,,
,,,,,,,,,,,
,,,,,,,,,,,
,,,,,,,,,,,
,,,,,,,,,,,
,,,,,,,,,,,
,,,,,,,,,,,
,,,,,,,,,,,
,,,,,,,,,,,
,,,,,,,,,,,
,,,,,,,,,,,
,,,,,,,,,,,
,,,,,,,,,,,
,,,,,,,,,,,
,,,,,,,,,,,
,,,,,,,,,,,
,,,,,,,,,,,
,,,,,,,,,,,
,,,,,,,,,,,
,,,,,,,,,,,
,,,,,,,,,,,
,,,,,,,,,,,
,,,,,,,,,,,
,,,,,,,,,,,
,,,,,,,,,,,
,,,,,,,,,,,
,,,,,,,,,,,
,,,,,,,,,,,
,,,,,,,,,,,
,,,,,,,,,,,
,,,,,,,,,,,
,,,,,,,,,,,
,,,,,,,,,,,
,,,,,,,,,,,
,,,,,,,,,,,
,,,,,,,,,,,
,,,,,,,,,,,
,,,,,,,,,,,
,,,,,,,,,,,
,,,,,,,,,,,
,,,,,,,,,,,
,,,,,,,,,,,
,,,,,,,,,,,
,,,,,,,,,,,
,,,,,,,,,,,
,,,,,,,,,,,
,,,,,,,,,,,
,,,,,,,,,,,
,,,,,,,,,,,
,,,,,,,,,,,
,,,,,,,,,,,
,,,,,,,,,,,
,,,,,,,,,,,
,,,,,,,,,,,
,,,,,,,,,,,
,,,,,,,,,,,
,,,,,,,,,,,
,,,,,,,,,,,
,,,,,,,,,,,
,,,,,,,,,,,
,,,,,,,,,,,
,,,,,,,,,,,
,,,,,,,,,,,
,,,,,,,,,,,
,,,,,,,,,,,
,,,,,,,,,,,
,,,,,,,,,,,
,,,,,,,,,,,
,,,,,,,,,,,
,,,,,,,,,,,
,,,,,,,,,,,
,,,,,,,,,,,
,,,,,,,,,,,
,,,,,,,,,,,
,,,,,,,,,,,
,,,,,,,,,,,
,,,,,,,,,,,
,,,,,,,,,,,
,,,,,,,,,,,
,,,,,,,,,,,
,,,,,,,,,,,
,,,,,,,,,,,
,,,,,,,,,,,
,,,,,,,,,,,
,,,,,,,,,,,
,,,,,,,,,,,
,,,,,,,,,,,
,,,,,,,,,,,
,,,,,,,,,,,
,,,,,,,,,,,
,,,,,,,,,,,
,,,,,,,,,,,
,,,,,,,,,,,
,,,,,,,,,,,
,,,,,,,,,,,
,,,,,,,,,,,
,,,,,,,,,,,
,,,,,,,,,,,
,,,,,,,,,,,
,,,,,,,,,,,
,,,,,,,,,,,
,,,,,,,,,,,
,,,,,,,,,,,
,,,,,,,,,,,
,,,,,,,,,,,
,,,,,,,,,,,
,,,,,,,,,,,
,,,,,,,,,,,
,,,,,,,,,,,
,,,,,,,,,,,
,,,,,,,,,,,
,,,,,,,,,,,
,,,,,,,,,,,
,,,,,,,,,,,
,,,,,,,,,,,
